,目标客户编号,品牌类型,a1,a2,a3,a4,a5,a6,a7,a8,B1,B2,B3,B4,B5,B6,B7,B8,B9,B10,B11,B12,B13,B14,B15,B16,B17,购买意愿
0,1.0,2.0,753.04,87.65,81.56,85.61,85.63,85.81,82.35,84.77,2.0,10.0,2.0,10.0,5.0,6.0,1,1983.0,6.0,14.0,2.0,3.0,19.0,11.0,10.0,30.0,5.0,0.0
1,2.0,3.0,88.92,82.95,85.17,85.19,77.76,83.6,82.15,88.87,2.0,20.0,1.0,3.0,3.0,5.0,1,1992.0,6.0,5.0,4.0,4.0,18.0,10.0,8.0,0.0,30.0,0.0
2,3.0,3.0,95.05,93.33,77.66,93.03,88.87,94.17,95.6,95.88,2.0,32.0,1.0,8.0,5.0,6.0,1,1988.0,4.0,9.0,5.0,2.0,24.0,10.0,17.0,0.0,0.0,0.0
3,4.0,3.0,71.15,76.79,66.69,81.93,66.65,77.77,77.58,76.99,2.0,34.0,1.0,5.0,3.0,5.0,1,1986.0,6.0,10.0,4.0,7.0,27.0,10.0,10.0,18.0,25.0,0.0
4,5.0,3.0,70.57,71.65,70.44,74.03,66.65,66.34,62.09,74.44,2.0,36.0,1.0,5.0,3.0,5.0,1,1983.0,6.0,13.0,4.0,2.0,25.0,15.0,15.0,0.0,0.0,0.0
5,6.0,3.0,68.73,70.96,70.44,71.24,69.9,72.49,71.24,70.76,1.0,15.0,1.0,6.0,3.0,5.0,1,1985.0,6.0,9.0,3.0,2.0,15.0,10.0,7.0,30.0,5.0,0.0
6,7.0,3.0,65.97,71.51,66.69,62.5,67.96,64.12,68.95,63.33,1.0,15.0,1.0,5.0,3.0,5.0,1,1990.0,6.0,10.0,3.0,3.0,15.0,10.0,7.0,0.0,0.0,0.0
7,8.0,3.0,59.08,48.15,44.45,60.13,55.55,55.56,40.06,44.43,1.0,22.0,6.0,2.0,4.0,4.0,#NULL!,1999.0,5.0,1.0,5.0,8.0,22.0,14.0,8.0,20.0,20.0,0.0
8,9.0,3.0,82.8,84.86,81.41,84.72,87.69,83.27,84.52,88.52,2.0,30.0,2.0,5.0,3.0,5.0,1,1986.0,6.0,11.0,1.0,2.0,51.0,34.0,19.0,15.0,20.0,0.0
9,10.0,3.0,79.66,80.2,77.81,81.45,73.22,75.03,73.34,74.44,1.0,16.0,1.0,10.0,6.0,6.0,2,1989.0,4.0,10.0,3.0,2.0,26.0,12.0,15.0,26.0,15.0,0.0
10,11.0,3.0,77.81,77.8,77.81,77.77,77.76,75.03,77.77,77.76,1.0,5.0,1.0,5.0,4.0,5.0,1,1993.0,5.0,3.0,7.0,9.0,10.0,9.0,7.0,35.0,5.0,0.0
11,12.0,3.0,75.42,75.78,62.94,73.61,69.9,71.95,77.77,62.55,2.0,5.0,2.0,5.0,3.0,8.0,#NULL!,1970.0,4.0,30.0,4.0,6.0,20.0,8.0,10.0,0.0,25.0,0.0
12,13.0,3.0,99.04,99.03,99.03,99.98,99.98,99.99,99.99,99.98,2.0,29.0,1.0,8.0,5.0,6.0,1,1990.0,8.0,4.0,4.0,3.0,25.0,10.0,13.0,20.0,0.0,1.0
13,14.0,3.0,61.11,76.37,66.69,77.77,55.55,60.84,68.96,70.33,2.0,12.0,2.0,2.0,3.0,2.0,#NULL!,1990.0,6.0,6.0,1.0,8.0,30.0,15.0,12.0,0.0,0.0,0.0
14,15.0,3.0,85.37,82.63,77.81,84.72,82.61,85.81,88.88,85.54,1.0,10.0,1.0,7.0,5.0,6.0,1,1988.0,6.0,9.0,3.0,7.0,38.0,14.0,13.0,0.0,0.0,0.0
15,16.0,3.0,77.81,83.24,70.44,77.77,77.93,75.03,75.66,81.87,2.0,40.0,1.0,12.0,3.0,5.0,1,1980.0,6.0,15.0,5.0,1.0,60.0,50.0,45.0,0.0,0.0,0.0
16,17.0,3.0,75.04,76.54,70.44,77.77,66.59,72.49,73.38,73.66,2.0,35.0,1.0,11.0,5.0,6.0,1,1985.0,4.0,10.0,3.0,3.0,60.0,50.0,45.0,0.0,0.0,0.0
17,18.0,3.0,67.26,74.8,74.05,70.82,82.78,74.7,71.3,73.66,2.0,40.0,2.0,11.0,3.0,5.0,1,1980.0,5.0,16.0,4.0,2.0,50.0,45.0,45.0,0.0,0.0,0.0
18,19.0,3.0,99.04,99.03,99.03,99.98,99.98,99.99,99.99,99.98,2.0,29.0,2.0,8.0,5.0,6.0,1,1990.0,8.0,4.0,4.0,3.0,42.0,26.0,13.0,30.0,20.0,0.0
19,20.0,3.0,63.38,51.77,40.7,59.66,53.93,50.59,57.65,47.41,1.0,2.0,3.0,4.0,3.0,5.0,1,1994.0,6.0,4.0,4.0,8.0,40.0,14.0,21.0,15.0,0.0,0.0
1944,1945.0,2.0,77.27,80.99,85.17,81.03,77.76,83.6,77.92,73.66,2.0,13.0,1.0,8.0,3.0,2.0,#NULL!,1990.0,5.0,7.0,7.0,9.0,10.0,5.0,6.0,30.0,10.0,0.0
1945,1946.0,2.0,76.37,83.96,74.2,85.61,80.94,71.95,82.02,88.87,2.0,32.0,2.0,8.0,3.0,5.0,1,1988.0,6.0,13.0,5.0,4.0,20.0,10.0,12.0,0.0,0.0,0.0
1946,1947.0,2.0,81.31,81.18,74.2,81.45,82.39,77.24,75.3,77.34,2.0,33.0,2.0,12.0,4.0,2.0,1,1986.0,6.0,10.0,7.0,9.0,16.0,9.0,12.0,0.0,0.0,0.0
1947,1948.0,2.0,85.24,94.31,74.05,89.77,84.55,91.96,90.98,92.98,2.0,15.0,2.0,7.0,3.0,5.0,1,1987.0,6.0,9.0,4.0,4.0,21.0,7.0,8.0,20.0,20.0,0.0
1948,1949.0,2.0,72.41,72.09,59.33,70.82,71.67,69.41,71.24,70.76,1.0,12.0,2.0,10.0,3.0,5.0,1,1988.0,6.0,9.0,3.0,4.0,20.0,12.0,15.0,35.0,0.0,0.0
1949,1950.0,2.0,81.49,88.92,77.81,88.88,77.76,86.14,88.88,81.44,2.0,35.0,2.0,7.0,3.0,5.0,1,1985.0,5.0,12.0,4.0,2.0,28.0,14.0,15.0,20.0,0.0,0.0
1950,1951.0,2.0,89.72,93.46,92.67,92.61,87.34,97.25,95.6,88.45,1.0,30.0,1.0,5.0,3.0,5.0,1,1985.0,5.0,13.0,5.0,2.0,33.0,15.0,14.0,0.0,30.0,0.0
1951,1952.0,2.0,85.04,84.65,81.56,88.88,85.63,83.06,86.6,85.54,2.0,8.0,2.0,9.0,3.0,5.0,1,1989.0,6.0,8.0,7.0,9.0,60.0,45.0,40.0,10.0,10.0,1.0
1952,1953.0,2.0,66.69,66.69,66.69,66.66,66.65,66.66,66.67,66.66,2.0,32.0,1.0,10.0,5.0,6.0,1,1988.0,6.0,10.0,2.0,5.0,12.0,8.0,3.0,20.0,30.0,0.0
1953,1954.0,2.0,84.8,91.88,74.05,92.61,81.31,94.17,90.98,92.2,2.0,15.0,2.0,8.0,3.0,5.0,1,1987.0,5.0,8.0,4.0,4.0,21.0,8.0,9.0,10.0,20.0,0.0
1954,1955.0,2.0,79.9,76.91,85.17,76.87,76.46,75.23,84.49,77.42,2.0,29.0,1.0,14.0,5.0,6.0,1,1981.0,4.0,18.0,4.0,6.0,13.0,7.0,4.0,0.0,50.0,0.0
1955,1956.0,2.0,74.43,70.92,77.81,82.35,77.76,69.74,84.31,71.11,2.0,26.0,1.0,8.0,2.0,3.0,#NULL!,1994.0,5.0,7.0,3.0,4.0,20.0,5.0,15.0,30.0,15.0,0.0
1956,1957.0,2.0,85.04,85.63,77.81,85.61,80.78,71.95,77.77,73.66,2.0,31.0,1.0,7.0,3.0,5.0,1,1989.0,5.0,7.0,5.0,1.0,32.0,27.0,27.0,12.0,9.0,0.0
1957,1958.0,2.0,83.81,87.45,77.81,85.14,83.91,89.42,82.33,85.12,1.0,18.0,2.0,12.0,4.0,6.0,1,1987.0,6.0,10.0,3.0,5.0,15.0,8.0,10.0,0.0,0.0,0.0
1958,1959.0,2.0,55.58,55.58,55.58,55.55,53.77,55.56,55.56,55.55,2.0,28.0,1.0,10.0,3.0,5.0,1,1992.0,6.0,6.0,4.0,4.0,30.0,20.0,10.0,50.0,0.0,0.0
1959,1960.0,2.0,71.36,75.37,70.44,77.77,68.43,75.03,75.48,70.33,2.0,32.0,3.0,3.0,5.0,6.0,1,1987.0,5.0,6.0,3.0,5.0,25.0,11.0,20.0,0.0,0.0,0.0
1960,1961.0,2.0,99.04,99.03,99.03,99.98,99.98,99.99,99.99,99.98,2.0,36.0,2.0,10.0,5.0,6.0,1,1984.0,5.0,14.0,7.0,9.0,29.0,9.0,9.0,30.0,20.0,0.0
1961,1962.0,2.0,90.77,91.92,92.67,96.72,94.96,97.25,95.6,95.88,1.0,30.0,2.0,6.0,5.0,6.0,1,1990.0,6.0,8.0,4.0,5.0,39.0,20.0,17.0,0.0,30.0,0.0
1962,1963.0,2.0,82.43,88.51,74.05,93.03,76.46,94.7,91.16,95.88,1.0,15.0,2.0,8.0,3.0,5.0,1,1987.0,6.0,8.0,4.0,4.0,21.0,12.0,7.0,20.0,20.0,0.0
1963,1964.0,2.0,77.81,77.8,703.0,77.77,61.8,77.77,73.19,58.8,1.0,5.0,1.0,10.0,2.0,3.0,#NULL!,1990.0,6.0,7.0,4.0,3.0,25.0,10.0,12.0,25.0,0.0,0.0
0,1.0,2.0,753.04,87.65,81.56,85.61,85.63,85.81,82.35,84.77,2.0,10.0,2.0,10.0,5.0,6.0,1,1983.0,6.0,14.0,2.0,3.0,19.0,11.0,10.0,30.0,5.0,0.0
298,299.0,2.0,52.02,52.86,59.33,62.97,58.79,60.84,59.95,62.98,2.0,24.0,1.0,5.0,2.0,3.0,#NULL!,1996.0,5.0,3.0,4.0,9.0,30.0,10.0,15.0,30.0,6.0,0.0
594,595.0,2.0,40.36,47.71,51.82,52.75,53.71,57.76,55.54,52.22,2.0,31.0,1.0,3.0,3.0,2.0,#NULL!,1988.0,4.0,11.0,5.0,6.0,12.0,8.0,9.0,15.0,0.0,0.0
604,605.0,2.0,42.72,44.45,33.34,47.7,36.4,39.15,44.44,44.43,2.0,11.0,1.0,3.0,3.0,2.0,#NULL!,1995.0,5.0,4.0,3.0,8.0,30.0,15.0,20.0,20.0,15.0,0.0
730,731.0,1.0,44.46,82.74,88.92,81.03,77.76,77.77,88.88,88.87,2.0,10.0,1.0,1.0,3.0,5.0,1,1994.0,6.0,3.0,3.0,4.0,17.0,12.0,11.0,20.0,0.0,0.0
298,299.0,2.0,52.02,52.86,59.33,62.97,58.79,60.84,59.95,62.98,2.0,24.0,1.0,5.0,2.0,3.0,#NULL!,1996.0,5.0,3.0,4.0,9.0,30.0,10.0,15.0,30.0,6.0,0.0
1037,1038.0,2.0,41.7,35.77,37.09,37.48,33.32,39.15,35.62,37.0,2.0,29.0,2.0,2.0,5.0,6.0,1,1991.0,5.0,4.0,1.0,5.0,6.0,9.0,25.0,13.0,0.0,0.0
1081,1082.0,1.0,42.61,45.58,37.09,41.17,38.11,41.69,39.86,40.33,2.0,32.0,1.0,12.0,3.0,5.0,1,1988.0,6.0,12.0,6.0,1.0,37.0,33.0,33.0,25.0,0.0,0.0
1096,1097.0,2.0,52.81,59.84,44.45,59.71,60.4,63.26,57.85,66.31,2.0,5.0,3.0,5.0,3.0,2.0,#NULL!,1992.0,5.0,4.0,4.0,8.0,15.0,6.0,4.0,25.0,25.0,0.0
1125,1126.0,2.0,46.53,84.92,81.56,85.61,85.32,91.63,82.15,85.54,1.0,20.0,2.0,5.0,5.0,5.0,3,1985.0,6.0,10.0,4.0,2.0,18.0,12.0,13.0,30.0,10.0,0.0
1157,1158.0,2.0,53.19,54.66,44.75,70.34,63.8,66.34,82.35,74.51,1.0,9.0,2.0,2.0,5.0,5.0,2,1990.0,6.0,8.0,2.0,2.0,14.0,23.0,12.0,32.0,12.0,0.0
730,731.0,1.0,44.46,82.74,88.92,81.03,77.76,77.77,88.88,88.87,2.0,10.0,1.0,1.0,3.0,5.0,1,1994.0,6.0,3.0,3.0,4.0,17.0,12.0,11.0,20.0,0.0,0.0
1278,1279.0,2.0,53.55,53.55,66.69,66.24,53.54,53.34,51.11,51.44,1.0,8.0,1.0,6.0,5.0,6.0,1,1990.0,3.0,6.0,6.0,5.0,40.0,35.0,30.0,10.0,0.0,0.0
1465,1466.0,2.0,50.59,68.71,70.44,73.61,72.91,72.49,73.34,73.66,1.0,15.0,1.0,10.0,5.0,6.0,1,1990.0,5.0,7.0,4.0,2.0,34.0,20.0,29.0,17.0,6.0,0.0
1510,1511.0,2.0,46.55,53.18,51.96,40.7,42.65,44.44,35.66,41.1,1.0,30.0,2.0,10.0,3.0,5.0,1,1980.0,5.0,16.0,4.0,7.0,10.0,5.0,4.0,20.0,20.0,0.0
1529,1530.0,1.0,47.03,51.92,55.58,51.86,47.51,47.51,48.83,47.76,2.0,40.0,2.0,20.0,3.0,5.0,1,1980.0,6.0,20.0,3.0,2.0,50.0,40.0,40.0,10.0,5.0,0.0
730,731.0,1.0,44.46,82.74,88.92,81.03,77.76,77.77,88.88,88.87,2.0,10.0,1.0,1.0,3.0,5.0,1,1994.0,6.0,3.0,3.0,4.0,17.0,12.0,11.0,20.0,0.0,0.0
1705,1706.0,1.0,37.04,43.4,37.09,40.7,52.53,47.51,57.65,55.55,1.0,13.0,2.0,3.0,3.0,5.0,1,1992.0,6.0,2.0,5.0,4.0,36.0,20.0,30.0,14.0,0.0,0.0
1754,1755.0,2.0,48.8,53.57,40.56,63.81,42.65,60.84,60.14,74.09,1.0,4.0,4.0,6.0,3.0,2.0,#NULL!,1993.0,6.0,4.0,4.0,5.0,8.0,5.0,4.0,25.0,0.0,0.0
1756,1757.0,2.0,51.1,58.29,48.07,63.4,63.27,55.02,68.75,74.09,2.0,20.0,2.0,6.0,3.0,5.0,1,1989.0,5.0,6.0,3.0,4.0,13.0,11.0,10.0,20.0,0.0,0.0
1757,1758.0,2.0,33.16,41.56,40.7,37.48,25.23,39.15,37.89,33.32,1.0,13.0,1.0,2.0,3.0,5.0,1,1992.0,6.0,3.0,4.0,7.0,14.0,19.0,25.0,14.0,5.0,0.0
7,8.0,3.0,59.08,48.15,44.45,60.13,55.55,55.56,40.06,44.43,1.0,22.0,6.0,2.0,4.0,4.0,#NULL!,1999.0,5.0,1.0,5.0,8.0,22.0,14.0,8.0,20.0,20.0,0.0
19,20.0,3.0,63.38,51.77,40.7,59.66,53.93,50.59,57.65,47.41,1.0,2.0,3.0,4.0,3.0,5.0,1,1994.0,6.0,4.0,4.0,8.0,40.0,14.0,21.0,15.0,0.0,0.0
42,43.0,1.0,56.51,48.6,52.11,57.92,53.21,41.57,51.23,56.32,1.0,20.0,1.0,5.0,3.0,5.0,1,1989.0,5.0,8.0,4.0,3.0,26.0,14.0,10.0,10.0,25.0,0.0
103,104.0,2.0,72.41,51.05,66.69,77.77,77.99,75.03,73.34,73.66,2.0,30.0,2.0,2.0,3.0,5.0,1,1990.0,5.0,7.0,4.0,8.0,25.0,15.0,18.0,0.0,13.0,0.0
283,284.0,2.0,67.94,50.54,51.82,52.28,49.45,49.73,55.56,51.44,1.0,14.0,3.0,2.0,3.0,5.0,1,1991.0,5.0,5.0,7.0,9.0,35.0,30.0,30.0,0.0,0.0,0.0
290,291.0,2.0,55.19,46.48,40.7,41.17,36.56,52.48,62.28,59.57,2.0,28.0,2.0,2.0,4.0,4.0,#NULL!,1992.0,6.0,5.0,4.0,8.0,25.0,8.0,16.0,13.0,6.0,0.0
302,303.0,2.0,56.3,47.89,51.82,64.29,53.23,57.76,57.65,51.44,1.0,15.0,2.0,8.0,5.0,6.0,1,1985.0,5.0,12.0,4.0,3.0,15.0,9.0,6.0,0.0,35.0,0.0
594,595.0,2.0,40.36,47.71,51.82,52.75,53.71,57.76,55.54,52.22,2.0,31.0,1.0,3.0,3.0,2.0,#NULL!,1988.0,4.0,11.0,5.0,6.0,12.0,8.0,9.0,15.0,0.0,0.0
604,605.0,2.0,42.72,44.45,33.34,47.7,36.4,39.15,44.44,44.43,2.0,11.0,1.0,3.0,3.0,2.0,#NULL!,1995.0,5.0,4.0,3.0,8.0,30.0,15.0,20.0,20.0,15.0,0.0
1037,1038.0,2.0,41.7,35.77,37.09,37.48,33.32,39.15,35.62,37.0,2.0,29.0,2.0,2.0,5.0,6.0,1,1991.0,5.0,4.0,1.0,5.0,6.0,9.0,25.0,13.0,0.0,0.0
1056,1057.0,2.0,59.26,44.97,55.58,52.28,69.67,72.81,55.56,54.34,2.0,31.0,2.0,10.0,3.0,2.0,#NULL!,1988.0,6.0,9.0,6.0,4.0,20.0,8.0,9.0,0.0,25.0,0.0
1081,1082.0,1.0,42.61,45.58,37.09,41.17,38.11,41.69,39.86,40.33,2.0,32.0,1.0,12.0,3.0,5.0,1,1988.0,6.0,12.0,6.0,1.0,37.0,33.0,33.0,25.0,0.0,0.0
1227,1228.0,2.0,56.16,50.9,44.45,58.81,61.64,55.88,57.84,59.65,2.0,11.0,2.0,5.0,5.0,6.0,1,1981.0,6.0,15.0,4.0,3.0,11.0,11.0,14.0,20.0,0.0,0.0
604,605.0,2.0,42.72,44.45,33.34,47.7,36.4,39.15,44.44,44.43,2.0,11.0,1.0,3.0,3.0,2.0,#NULL!,1995.0,5.0,4.0,3.0,8.0,30.0,15.0,20.0,20.0,15.0,0.0
1347,1348.0,2.0,64.31,51.31,55.58,62.5,63.58,66.66,73.38,59.23,1.0,12.0,1.0,1.0,2.0,3.0,#NULL!,1993.0,5.0,3.0,7.0,9.0,39.0,18.0,20.0,0.0,0.0,0.0
1414,1415.0,2.0,60.24,51.1,62.79,52.28,59.96,52.48,53.08,56.32,2.0,23.0,1.0,3.0,3.0,2.0,#NULL!,1997.0,5.0,2.0,4.0,8.0,24.0,15.0,10.0,0.0,0.0,0.0
1687,1688.0,3.0,56.5,51.16,48.07,44.43,50.53,55.56,57.65,70.41,1.0,13.0,1.0,6.0,1.0,1.0,#NULL!,1992.0,5.0,6.0,3.0,4.0,20.0,10.0,12.0,28.0,0.0,0.0
604,605.0,2.0,42.72,44.45,33.34,47.7,36.4,39.15,44.44,44.43,2.0,11.0,1.0,3.0,3.0,2.0,#NULL!,1995.0,5.0,4.0,3.0,8.0,30.0,15.0,20.0,20.0,15.0,0.0
1705,1706.0,1.0,37.04,43.4,37.09,40.7,52.53,47.51,57.65,55.55,1.0,13.0,2.0,3.0,3.0,5.0,1,1992.0,6.0,2.0,5.0,4.0,36.0,20.0,30.0,14.0,0.0,0.0
1757,1758.0,2.0,33.16,41.56,40.7,37.48,25.23,39.15,37.89,33.32,1.0,13.0,1.0,2.0,3.0,5.0,1,1992.0,6.0,3.0,4.0,7.0,14.0,19.0,25.0,14.0,5.0,0.0
19,20.0,3.0,63.38,51.77,40.7,59.66,53.93,50.59,57.65,47.41,1.0,2.0,3.0,4.0,3.0,5.0,1,1994.0,6.0,4.0,4.0,8.0,40.0,14.0,21.0,15.0,0.0,0.0
19,20.0,3.0,63.38,51.77,40.7,59.66,53.93,50.59,57.65,47.41,1.0,2.0,3.0,4.0,3.0,5.0,1,1994.0,6.0,4.0,4.0,8.0,40.0,14.0,21.0,15.0,0.0,0.0
262,263.0,2.0,73.71,59.06,29.59,67.08,53.54,50.26,66.67,44.43,1.0,3.0,2.0,6.0,2.0,3.0,#NULL!,1992.0,6.0,5.0,4.0,8.0,30.0,8.0,20.0,30.0,10.0,0.0
19,20.0,3.0,63.38,51.77,40.7,59.66,53.93,50.59,57.65,47.41,1.0,2.0,3.0,4.0,3.0,5.0,1,1994.0,6.0,4.0,4.0,8.0,40.0,14.0,21.0,15.0,0.0,0.0
558,559.0,1.0,66.32,72.85,44.32,63.4,46.21,61.38,70.9,59.23,2.0,25.0,1.0,6.0,4.0,2.0,#NULL!,1995.0,5.0,3.0,2.0,5.0,35.0,24.0,25.0,30.0,0.0,0.0
19,20.0,3.0,63.38,51.77,40.7,59.66,53.93,50.59,57.65,47.41,1.0,2.0,3.0,4.0,3.0,5.0,1,1994.0,6.0,4.0,4.0,8.0,40.0,14.0,21.0,15.0,0.0,0.0
604,605.0,2.0,42.72,44.45,33.34,47.7,36.4,39.15,44.44,44.43,2.0,11.0,1.0,3.0,3.0,2.0,#NULL!,1995.0,5.0,4.0,3.0,8.0,30.0,15.0,20.0,20.0,15.0,0.0
978,979.0,2.0,59.0,66.23,40.56,82.77,72.06,68.88,68.83,56.24,2.0,34.0,1.0,1.0,6.0,6.0,3,1986.0,5.0,14.0,4.0,1.0,24.0,19.0,19.0,30.0,0.0,0.0
1037,1038.0,2.0,41.7,35.77,37.09,37.48,33.32,39.15,35.62,37.0,2.0,29.0,2.0,2.0,5.0,6.0,1,1991.0,5.0,4.0,1.0,5.0,6.0,9.0,25.0,13.0,0.0,0.0
1037,1038.0,2.0,41.7,35.77,37.09,37.48,33.32,39.15,35.62,37.0,2.0,29.0,2.0,2.0,5.0,6.0,1,1991.0,5.0,4.0,1.0,5.0,6.0,9.0,25.0,13.0,0.0,0.0
19,20.0,3.0,63.38,51.77,40.7,59.66,53.93,50.59,57.65,47.41,1.0,2.0,3.0,4.0,3.0,5.0,1,1994.0,6.0,4.0,4.0,8.0,40.0,14.0,21.0,15.0,0.0,0.0
1037,1038.0,2.0,41.7,35.77,37.09,37.48,33.32,39.15,35.62,37.0,2.0,29.0,2.0,2.0,5.0,6.0,1,1991.0,5.0,4.0,1.0,5.0,6.0,9.0,25.0,13.0,0.0,0.0
978,979.0,2.0,59.0,66.23,40.56,82.77,72.06,68.88,68.83,56.24,2.0,34.0,1.0,1.0,6.0,6.0,3,1986.0,5.0,14.0,4.0,1.0,24.0,19.0,19.0,30.0,0.0,0.0
19,20.0,3.0,63.38,51.77,40.7,59.66,53.93,50.59,57.65,47.41,1.0,2.0,3.0,4.0,3.0,5.0,1,1994.0,6.0,4.0,4.0,8.0,40.0,14.0,21.0,15.0,0.0,0.0
1963,1964.0,2.0,77.81,77.8,703.0,77.77,61.8,77.77,73.19,58.8,1.0,5.0,1.0,10.0,2.0,3.0,#NULL!,1990.0,6.0,7.0,4.0,3.0,25.0,10.0,12.0,25.0,0.0,0.0
290,291.0,2.0,55.19,46.48,40.7,41.17,36.56,52.48,62.28,59.57,2.0,28.0,2.0,2.0,4.0,4.0,#NULL!,1992.0,6.0,5.0,4.0,8.0,25.0,8.0,16.0,13.0,6.0,0.0
604,605.0,2.0,42.72,44.45,33.34,47.7,36.4,39.15,44.44,44.43,2.0,11.0,1.0,3.0,3.0,2.0,#NULL!,1995.0,5.0,4.0,3.0,8.0,30.0,15.0,20.0,20.0,15.0,0.0
1037,1038.0,2.0,41.7,35.77,37.09,37.48,33.32,39.15,35.62,37.0,2.0,29.0,2.0,2.0,5.0,6.0,1,1991.0,5.0,4.0,1.0,5.0,6.0,9.0,25.0,13.0,0.0,0.0
290,291.0,2.0,55.19,46.48,40.7,41.17,36.56,52.48,62.28,59.57,2.0,28.0,2.0,2.0,4.0,4.0,#NULL!,1992.0,6.0,5.0,4.0,8.0,25.0,8.0,16.0,13.0,6.0,0.0
1167,1168.0,2.0,63.14,59.92,51.82,40.75,51.0,55.02,73.19,55.47,2.0,19.0,2.0,6.0,5.0,6.0,1,1974.0,5.0,22.0,2.0,3.0,30.0,12.0,18.0,0.0,0.0,0.0
1253,1254.0,2.0,44.46,44.45,44.45,44.43,44.43,44.44,44.44,44.43,2.0,5.0,1.0,1.0,3.0,5.0,1,1984.0,5.0,10.0,4.0,8.0,17.0,11.0,9.0,0.0,20.0,0.0
604,605.0,2.0,42.72,44.45,33.34,47.7,36.4,39.15,44.44,44.43,2.0,11.0,1.0,3.0,3.0,2.0,#NULL!,1995.0,5.0,4.0,3.0,8.0,30.0,15.0,20.0,20.0,15.0,0.0
1510,1511.0,2.0,46.55,53.18,51.96,40.7,42.65,44.44,35.66,41.1,1.0,30.0,2.0,10.0,3.0,5.0,1,1980.0,5.0,16.0,4.0,7.0,10.0,5.0,4.0,20.0,20.0,0.0
1529,1530.0,1.0,47.03,51.92,55.58,51.86,47.51,47.51,48.83,47.76,2.0,40.0,2.0,20.0,3.0,5.0,1,1980.0,6.0,20.0,3.0,2.0,50.0,40.0,40.0,10.0,5.0,0.0
1253,1254.0,2.0,44.46,44.45,44.45,44.43,44.43,44.44,44.44,44.43,2.0,5.0,1.0,1.0,3.0,5.0,1,1984.0,5.0,10.0,4.0,8.0,17.0,11.0,9.0,0.0,20.0,0.0
1253,1254.0,2.0,44.46,44.45,44.45,44.43,44.43,44.44,44.44,44.43,2.0,5.0,1.0,1.0,3.0,5.0,1,1984.0,5.0,10.0,4.0,8.0,17.0,11.0,9.0,0.0,20.0,0.0
1510,1511.0,2.0,46.55,53.18,51.96,40.7,42.65,44.44,35.66,41.1,1.0,30.0,2.0,10.0,3.0,5.0,1,1980.0,5.0,16.0,4.0,7.0,10.0,5.0,4.0,20.0,20.0,0.0
1037,1038.0,2.0,41.7,35.77,37.09,37.48,33.32,39.15,35.62,37.0,2.0,29.0,2.0,2.0,5.0,6.0,1,1991.0,5.0,4.0,1.0,5.0,6.0,9.0,25.0,13.0,0.0,0.0
1819,1820.0,1.0,56.54,59.39,59.33,51.81,57.21,56.09,51.16,50.67,2.0,20.0,1.0,2.0,3.0,7.0,#NULL!,1988.0,6.0,9.0,6.0,2.0,45.0,18.0,6.0,30.0,25.0,0.0
48,49.0,1.0,62.94,76.54,62.94,79.08,47.98,74.7,77.77,77.76,1.0,6.0,1.0,11.0,4.0,6.0,1,1987.0,6.0,11.0,2.0,2.0,20.0,12.0,7.0,0.0,0.0,0.0
51,52.0,1.0,68.54,75.37,62.94,71.71,49.29,55.56,70.91,55.12,2.0,11.0,1.0,4.0,3.0,5.0,1,1985.0,6.0,11.0,4.0,7.0,25.0,10.0,10.0,20.0,28.0,0.0
149,150.0,2.0,89.97,63.63,55.43,59.71,48.92,58.3,88.74,69.56,2.0,35.0,1.0,10.0,5.0,6.0,1,1985.0,6.0,12.0,4.0,1.0,32.0,24.0,24.0,11.0,9.0,0.0
290,291.0,2.0,55.19,46.48,40.7,41.17,36.56,52.48,62.28,59.57,2.0,28.0,2.0,2.0,4.0,4.0,#NULL!,1992.0,6.0,5.0,4.0,8.0,25.0,8.0,16.0,13.0,6.0,0.0
326,327.0,2.0,61.72,71.92,51.82,62.97,49.23,55.88,68.82,77.42,1.0,4.0,3.0,6.0,3.0,2.0,#NULL!,1995.0,5.0,4.0,4.0,7.0,40.0,25.0,15.0,40.0,0.0,0.0
479,480.0,2.0,78.35,71.61,74.05,81.03,605.63,63.92,75.49,73.66,1.0,5.0,4.0,8.0,3.0,1.0,1,1988.0,5.0,10.0,6.0,4.0,45.0,30.0,26.0,40.0,60.0,0.0
558,559.0,1.0,66.32,72.85,44.32,63.4,46.21,61.38,70.9,59.23,2.0,25.0,1.0,6.0,4.0,2.0,#NULL!,1995.0,5.0,3.0,2.0,5.0,35.0,24.0,25.0,30.0,0.0,0.0
604,605.0,2.0,42.72,44.45,33.34,47.7,36.4,39.15,44.44,44.43,2.0,11.0,1.0,3.0,3.0,2.0,#NULL!,1995.0,5.0,4.0,3.0,8.0,30.0,15.0,20.0,20.0,15.0,0.0
666,667.0,1.0,54.47,53.51,44.45,55.55,47.45,52.48,57.64,55.55,2.0,28.0,2.0,5.0,3.0,5.0,1,1991.0,6.0,6.0,5.0,5.0,30.0,11.0,10.0,20.0,28.0,0.0
1037,1038.0,2.0,41.7,35.77,37.09,37.48,33.32,39.15,35.62,37.0,2.0,29.0,2.0,2.0,5.0,6.0,1,1991.0,5.0,4.0,1.0,5.0,6.0,9.0,25.0,13.0,0.0,0.0
1081,1082.0,1.0,42.61,45.58,37.09,41.17,38.11,41.69,39.86,40.33,2.0,32.0,1.0,12.0,3.0,5.0,1,1988.0,6.0,12.0,6.0,1.0,37.0,33.0,33.0,25.0,0.0,0.0
1123,1124.0,2.0,61.66,71.08,48.36,66.13,44.87,91.09,55.62,49.97,2.0,38.0,1.0,11.0,3.0,5.0,1,1982.0,5.0,15.0,7.0,9.0,13.0,5.0,10.0,20.0,13.0,0.0
1168,1169.0,2.0,53.73,55.84,44.6,54.65,44.37,44.98,48.65,52.57,2.0,12.0,1.0,4.0,4.0,5.0,2,1993.0,5.0,5.0,3.0,5.0,80.0,70.0,54.0,0.0,0.0,0.0
1253,1254.0,2.0,44.46,44.45,44.45,44.43,44.43,44.44,44.44,44.43,2.0,5.0,1.0,1.0,3.0,5.0,1,1984.0,5.0,10.0,4.0,8.0,17.0,11.0,9.0,0.0,20.0,0.0
1253,1254.0,2.0,44.46,44.45,44.45,44.43,44.43,44.44,44.44,44.43,2.0,5.0,1.0,1.0,3.0,5.0,1,1984.0,5.0,10.0,4.0,8.0,17.0,11.0,9.0,0.0,20.0,0.0
1489,1490.0,1.0,56.5,53.55,44.45,47.7,45.99,52.81,51.16,54.77,1.0,19.0,1.0,14.0,3.0,5.0,1,1986.0,6.0,14.0,6.0,2.0,37.0,34.0,32.0,17.0,7.0,0.0
1510,1511.0,2.0,46.55,53.18,51.96,40.7,42.65,44.44,35.66,41.1,1.0,30.0,2.0,10.0,3.0,5.0,1,1980.0,5.0,16.0,4.0,7.0,10.0,5.0,4.0,20.0,20.0,0.0
1529,1530.0,1.0,47.03,51.92,55.58,51.86,47.51,47.51,48.83,47.76,2.0,40.0,2.0,20.0,3.0,5.0,1,1980.0,6.0,20.0,3.0,2.0,50.0,40.0,40.0,10.0,5.0,0.0
51,52.0,1.0,68.54,75.37,62.94,71.71,49.29,55.56,70.91,55.12,2.0,11.0,1.0,4.0,3.0,5.0,1,1985.0,6.0,11.0,4.0,7.0,25.0,10.0,10.0,20.0,28.0,0.0
1510,1511.0,2.0,46.55,53.18,51.96,40.7,42.65,44.44,35.66,41.1,1.0,30.0,2.0,10.0,3.0,5.0,1,1980.0,5.0,16.0,4.0,7.0,10.0,5.0,4.0,20.0,20.0,0.0
1757,1758.0,2.0,33.16,41.56,40.7,37.48,25.23,39.15,37.89,33.32,1.0,13.0,1.0,2.0,3.0,5.0,1,1992.0,6.0,3.0,4.0,7.0,14.0,19.0,25.0,14.0,5.0,0.0
19,20.0,3.0,63.38,51.77,40.7,59.66,53.93,50.59,57.65,47.41,1.0,2.0,3.0,4.0,3.0,5.0,1,1994.0,6.0,4.0,4.0,8.0,40.0,14.0,21.0,15.0,0.0,0.0
42,43.0,1.0,56.51,48.6,52.11,57.92,53.21,41.57,51.23,56.32,1.0,20.0,1.0,5.0,3.0,5.0,1,1989.0,5.0,8.0,4.0,3.0,26.0,14.0,10.0,10.0,25.0,0.0
262,263.0,2.0,73.71,59.06,29.59,67.08,53.54,50.26,66.67,44.43,1.0,3.0,2.0,6.0,2.0,3.0,#NULL!,1992.0,6.0,5.0,4.0,8.0,30.0,8.0,20.0,30.0,10.0,0.0
283,284.0,2.0,67.94,50.54,51.82,52.28,49.45,49.73,55.56,51.44,1.0,14.0,3.0,2.0,3.0,5.0,1,1991.0,5.0,5.0,7.0,9.0,35.0,30.0,30.0,0.0,0.0,0.0
262,263.0,2.0,73.71,59.06,29.59,67.08,53.54,50.26,66.67,44.43,1.0,3.0,2.0,6.0,2.0,3.0,#NULL!,1992.0,6.0,5.0,4.0,8.0,30.0,8.0,20.0,30.0,10.0,0.0
604,605.0,2.0,42.72,44.45,33.34,47.7,36.4,39.15,44.44,44.43,2.0,11.0,1.0,3.0,3.0,2.0,#NULL!,1995.0,5.0,4.0,3.0,8.0,30.0,15.0,20.0,20.0,15.0,0.0
262,263.0,2.0,73.71,59.06,29.59,67.08,53.54,50.26,66.67,44.43,1.0,3.0,2.0,6.0,2.0,3.0,#NULL!,1992.0,6.0,5.0,4.0,8.0,30.0,8.0,20.0,30.0,10.0,0.0
604,605.0,2.0,42.72,44.45,33.34,47.7,36.4,39.15,44.44,44.43,2.0,11.0,1.0,3.0,3.0,2.0,#NULL!,1995.0,5.0,4.0,3.0,8.0,30.0,15.0,20.0,20.0,15.0,0.0
1081,1082.0,1.0,42.61,45.58,37.09,41.17,38.11,41.69,39.86,40.33,2.0,32.0,1.0,12.0,3.0,5.0,1,1988.0,6.0,12.0,6.0,1.0,37.0,33.0,33.0,25.0,0.0,0.0
1168,1169.0,2.0,53.73,55.84,44.6,54.65,44.37,44.98,48.65,52.57,2.0,12.0,1.0,4.0,4.0,5.0,2,1993.0,5.0,5.0,3.0,5.0,80.0,70.0,54.0,0.0,0.0,0.0
1253,1254.0,2.0,44.46,44.45,44.45,44.43,44.43,44.44,44.44,44.43,2.0,5.0,1.0,1.0,3.0,5.0,1,1984.0,5.0,10.0,4.0,8.0,17.0,11.0,9.0,0.0,20.0,0.0
262,263.0,2.0,73.71,59.06,29.59,67.08,53.54,50.26,66.67,44.43,1.0,3.0,2.0,6.0,2.0,3.0,#NULL!,1992.0,6.0,5.0,4.0,8.0,30.0,8.0,20.0,30.0,10.0,0.0
1480,1481.0,1.0,72.22,74.15,47.92,74.5,44.43,47.19,57.65,51.87,1.0,5.0,2.0,4.0,4.0,2.0,#NULL!,1977.0,5.0,18.0,3.0,6.0,38.0,19.0,18.0,25.0,10.0,0.0
1253,1254.0,2.0,44.46,44.45,44.45,44.43,44.43,44.44,44.44,44.43,2.0,5.0,1.0,1.0,3.0,5.0,1,1984.0,5.0,10.0,4.0,8.0,17.0,11.0,9.0,0.0,20.0,0.0
1529,1530.0,1.0,47.03,51.92,55.58,51.86,47.51,47.51,48.83,47.76,2.0,40.0,2.0,20.0,3.0,5.0,1,1980.0,6.0,20.0,3.0,2.0,50.0,40.0,40.0,10.0,5.0,0.0
1529,1530.0,1.0,47.03,51.92,55.58,51.86,47.51,47.51,48.83,47.76,2.0,40.0,2.0,20.0,3.0,5.0,1,1980.0,6.0,20.0,3.0,2.0,50.0,40.0,40.0,10.0,5.0,0.0
1529,1530.0,1.0,47.03,51.92,55.58,51.86,47.51,47.51,48.83,47.76,2.0,40.0,2.0,20.0,3.0,5.0,1,1980.0,6.0,20.0,3.0,2.0,50.0,40.0,40.0,10.0,5.0,0.0
604,605.0,2.0,42.72,44.45,33.34,47.7,36.4,39.15,44.44,44.43,2.0,11.0,1.0,3.0,3.0,2.0,#NULL!,1995.0,5.0,4.0,3.0,8.0,30.0,15.0,20.0,20.0,15.0,0.0
7,8.0,3.0,59.08,48.15,44.45,60.13,55.55,55.56,40.06,44.43,1.0,22.0,6.0,2.0,4.0,4.0,#NULL!,1999.0,5.0,1.0,5.0,8.0,22.0,14.0,8.0,20.0,20.0,0.0
42,43.0,1.0,56.51,48.6,52.11,57.92,53.21,41.57,51.23,56.32,1.0,20.0,1.0,5.0,3.0,5.0,1,1989.0,5.0,8.0,4.0,3.0,26.0,14.0,10.0,10.0,25.0,0.0
99,100.0,2.0,82.8,79.47,81.56,84.72,81.0,83.06,7.88,78.11,1.0,7.0,2.0,9.0,3.0,2.0,#NULL!,1989.0,6.0,7.0,7.0,9.0,60.0,55.0,50.0,10.0,10.0,0.0
142,143.0,2.0,72.41,73.96,59.33,62.97,68.12,63.92,51.16,44.86,2.0,30.0,1.0,10.0,3.0,2.0,#NULL!,1990.0,6.0,8.0,3.0,4.0,28.0,20.0,21.0,0.0,0.0,0.0
478,479.0,2.0,63.24,72.12,44.45,67.55,63.52,61.58,51.11,74.09,2.0,10.0,1.0,6.0,3.0,5.0,1,1992.0,6.0,5.0,3.0,5.0,35.0,23.0,19.0,15.0,0.0,0.0
604,605.0,2.0,42.72,44.45,33.34,47.7,36.4,39.15,44.44,44.43,2.0,11.0,1.0,3.0,3.0,2.0,#NULL!,1995.0,5.0,4.0,3.0,8.0,30.0,15.0,20.0,20.0,15.0,0.0
694,695.0,1.0,71.3,60.03,48.07,67.08,72.91,72.49,51.17,51.44,1.0,4.0,1.0,3.0,4.0,2.0,#NULL!,1997.0,5.0,2.0,4.0,8.0,40.0,10.0,15.0,50.0,10.0,0.0
1037,1038.0,2.0,41.7,35.77,37.09,37.48,33.32,39.15,35.62,37.0,2.0,29.0,2.0,2.0,5.0,6.0,1,1991.0,5.0,4.0,1.0,5.0,6.0,9.0,25.0,13.0,0.0,0.0
1081,1082.0,1.0,42.61,45.58,37.09,41.17,38.11,41.69,39.86,40.33,2.0,32.0,1.0,12.0,3.0,5.0,1,1988.0,6.0,12.0,6.0,1.0,37.0,33.0,33.0,25.0,0.0,0.0
1168,1169.0,2.0,53.73,55.84,44.6,54.65,44.37,44.98,48.65,52.57,2.0,12.0,1.0,4.0,4.0,5.0,2,1993.0,5.0,5.0,3.0,5.0,80.0,70.0,54.0,0.0,0.0,0.0
604,605.0,2.0,42.72,44.45,33.34,47.7,36.4,39.15,44.44,44.43,2.0,11.0,1.0,3.0,3.0,2.0,#NULL!,1995.0,5.0,4.0,3.0,8.0,30.0,15.0,20.0,20.0,15.0,0.0
478,479.0,2.0,63.24,72.12,44.45,67.55,63.52,61.58,51.11,74.09,2.0,10.0,1.0,6.0,3.0,5.0,1,1992.0,6.0,5.0,3.0,5.0,35.0,23.0,19.0,15.0,0.0,0.0
142,143.0,2.0,72.41,73.96,59.33,62.97,68.12,63.92,51.16,44.86,2.0,30.0,1.0,10.0,3.0,2.0,#NULL!,1990.0,6.0,8.0,3.0,4.0,28.0,20.0,21.0,0.0,0.0,0.0
1414,1415.0,2.0,60.24,51.1,62.79,52.28,59.96,52.48,53.08,56.32,2.0,23.0,1.0,3.0,3.0,2.0,#NULL!,1997.0,5.0,2.0,4.0,8.0,24.0,15.0,10.0,0.0,0.0,0.0
142,143.0,2.0,72.41,73.96,59.33,62.97,68.12,63.92,51.16,44.86,2.0,30.0,1.0,10.0,3.0,2.0,#NULL!,1990.0,6.0,8.0,3.0,4.0,28.0,20.0,21.0,0.0,0.0,0.0
1510,1511.0,2.0,46.55,53.18,51.96,40.7,42.65,44.44,35.66,41.1,1.0,30.0,2.0,10.0,3.0,5.0,1,1980.0,5.0,16.0,4.0,7.0,10.0,5.0,4.0,20.0,20.0,0.0
1529,1530.0,1.0,47.03,51.92,55.58,51.86,47.51,47.51,48.83,47.76,2.0,40.0,2.0,20.0,3.0,5.0,1,1980.0,6.0,20.0,3.0,2.0,50.0,40.0,40.0,10.0,5.0,0.0
604,605.0,2.0,42.72,44.45,33.34,47.7,36.4,39.15,44.44,44.43,2.0,11.0,1.0,3.0,3.0,2.0,#NULL!,1995.0,5.0,4.0,3.0,8.0,30.0,15.0,20.0,20.0,15.0,0.0
1757,1758.0,2.0,33.16,41.56,40.7,37.48,25.23,39.15,37.89,33.32,1.0,13.0,1.0,2.0,3.0,5.0,1,1992.0,6.0,3.0,4.0,7.0,14.0,19.0,25.0,14.0,5.0,0.0
142,143.0,2.0,72.41,73.96,59.33,62.97,68.12,63.92,51.16,44.86,2.0,30.0,1.0,10.0,3.0,2.0,#NULL!,1990.0,6.0,8.0,3.0,4.0,28.0,20.0,21.0,0.0,0.0,0.0
7,8.0,3.0,59.08,48.15,44.45,60.13,55.55,55.56,40.06,44.43,1.0,22.0,6.0,2.0,4.0,4.0,#NULL!,1999.0,5.0,1.0,5.0,8.0,22.0,14.0,8.0,20.0,20.0,0.0
19,20.0,3.0,63.38,51.77,40.7,59.66,53.93,50.59,57.65,47.41,1.0,2.0,3.0,4.0,3.0,5.0,1,1994.0,6.0,4.0,4.0,8.0,40.0,14.0,21.0,15.0,0.0,0.0
142,143.0,2.0,72.41,73.96,59.33,62.97,68.12,63.92,51.16,44.86,2.0,30.0,1.0,10.0,3.0,2.0,#NULL!,1990.0,6.0,8.0,3.0,4.0,28.0,20.0,21.0,0.0,0.0,0.0
7,8.0,3.0,59.08,48.15,44.45,60.13,55.55,55.56,40.06,44.43,1.0,22.0,6.0,2.0,4.0,4.0,#NULL!,1999.0,5.0,1.0,5.0,8.0,22.0,14.0,8.0,20.0,20.0,0.0
7,8.0,3.0,59.08,48.15,44.45,60.13,55.55,55.56,40.06,44.43,1.0,22.0,6.0,2.0,4.0,4.0,#NULL!,1999.0,5.0,1.0,5.0,8.0,22.0,14.0,8.0,20.0,20.0,0.0
1037,1038.0,2.0,41.7,35.77,37.09,37.48,33.32,39.15,35.62,37.0,2.0,29.0,2.0,2.0,5.0,6.0,1,1991.0,5.0,4.0,1.0,5.0,6.0,9.0,25.0,13.0,0.0,0.0
1081,1082.0,1.0,42.61,45.58,37.09,41.17,38.11,41.69,39.86,40.33,2.0,32.0,1.0,12.0,3.0,5.0,1,1988.0,6.0,12.0,6.0,1.0,37.0,33.0,33.0,25.0,0.0,0.0
1123,1124.0,2.0,61.66,71.08,48.36,66.13,44.87,91.09,55.62,49.97,2.0,38.0,1.0,11.0,3.0,5.0,1,1982.0,5.0,15.0,7.0,9.0,13.0,5.0,10.0,20.0,13.0,0.0
7,8.0,3.0,59.08,48.15,44.45,60.13,55.55,55.56,40.06,44.43,1.0,22.0,6.0,2.0,4.0,4.0,#NULL!,1999.0,5.0,1.0,5.0,8.0,22.0,14.0,8.0,20.0,20.0,0.0
1510,1511.0,2.0,46.55,53.18,51.96,40.7,42.65,44.44,35.66,41.1,1.0,30.0,2.0,10.0,3.0,5.0,1,1980.0,5.0,16.0,4.0,7.0,10.0,5.0,4.0,20.0,20.0,0.0
1529,1530.0,1.0,47.03,51.92,55.58,51.86,47.51,47.51,48.83,47.76,2.0,40.0,2.0,20.0,3.0,5.0,1,1980.0,6.0,20.0,3.0,2.0,50.0,40.0,40.0,10.0,5.0,0.0
1685,1686.0,3.0,55.58,55.58,55.58,55.55,58.62,55.56,57.65,48.11,1.0,5.0,4.0,5.0,2.0,3.0,#NULL!,1993.0,4.0,5.0,4.0,7.0,20.0,12.0,10.0,30.0,20.0,0.0
1510,1511.0,2.0,46.55,53.18,51.96,40.7,42.65,44.44,35.66,41.1,1.0,30.0,2.0,10.0,3.0,5.0,1,1980.0,5.0,16.0,4.0,7.0,10.0,5.0,4.0,20.0,20.0,0.0
1727,1728.0,1.0,86.89,91.92,96.28,87.98,84.02,83.39,84.48,50.31,1.0,8.0,2.0,6.0,3.0,5.0,1,1988.0,6.0,8.0,1.0,4.0,35.0,13.0,13.0,20.0,10.0,0.0
1757,1758.0,2.0,33.16,41.56,40.7,37.48,25.23,39.15,37.89,33.32,1.0,13.0,1.0,2.0,3.0,5.0,1,1992.0,6.0,3.0,4.0,7.0,14.0,19.0,25.0,14.0,5.0,0.0
1819,1820.0,1.0,56.54,59.39,59.33,51.81,57.21,56.09,51.16,50.67,2.0,20.0,1.0,2.0,3.0,7.0,#NULL!,1988.0,6.0,9.0,6.0,2.0,45.0,18.0,6.0,30.0,25.0,0.0
1847,1848.0,2.0,62.01,54.55,62.94,69.92,63.74,55.22,66.43,48.54,1.0,11.0,2.0,8.0,3.0,5.0,1,1978.0,5.0,20.0,4.0,3.0,30.0,14.0,10.0,15.0,30.0,0.0
115,116.0,2.0,74.48,77.8,59.18,77.77,77.76,77.77,86.53,77.76,3.0,6.0,5.0,15.0,4.0,5.0,2,1982.0,4.0,16.0,4.0,6.0,15.0,10.0,10.0,0.0,27.0,0.0
115,116.0,2.0,74.48,77.8,59.18,77.77,77.76,77.77,86.53,77.76,3.0,6.0,5.0,15.0,4.0,5.0,2,1982.0,4.0,16.0,4.0,6.0,15.0,10.0,10.0,0.0,27.0,0.0
115,116.0,2.0,74.48,77.8,59.18,77.77,77.76,77.77,86.53,77.76,3.0,6.0,5.0,15.0,4.0,5.0,2,1982.0,4.0,16.0,4.0,6.0,15.0,10.0,10.0,0.0,27.0,0.0
115,116.0,2.0,74.48,77.8,59.18,77.77,77.76,77.77,86.53,77.76,3.0,6.0,5.0,15.0,4.0,5.0,2,1982.0,4.0,16.0,4.0,6.0,15.0,10.0,10.0,0.0,27.0,0.0
19,20.0,3.0,63.38,51.77,40.7,59.66,53.93,50.59,57.65,47.41,1.0,2.0,3.0,4.0,3.0,5.0,1,1994.0,6.0,4.0,4.0,8.0,40.0,14.0,21.0,15.0,0.0,0.0
44,45.0,1.0,81.49,81.97,85.17,81.45,81.0,83.6,84.44,73.66,2.0,48.0,1.0,15.0,3.0,1.0,1,1971.0,5.0,25.0,4.0,9.0,60.0,50.0,40.0,0.0,0.0,1.0
57,58.0,1.0,99.04,99.03,99.03,99.98,99.98,99.99,99.99,99.98,2.0,60.0,1.0,30.0,3.0,5.0,1,1960.0,5.0,38.0,4.0,1.0,35.0,12.0,19.0,15.0,0.0,0.0
76,77.0,2.0,73.39,71.11,77.81,66.66,69.67,69.41,73.34,70.33,2.0,45.0,4.0,15.0,2.0,3.0,#NULL!,1975.0,5.0,20.0,3.0,4.0,20.0,15.0,18.0,30.0,10.0,0.0
202,203.0,2.0,88.92,88.92,88.92,85.61,88.87,88.88,88.88,88.87,2.0,51.0,4.0,12.0,5.0,6.0,1,1969.0,6.0,27.0,4.0,2.0,32.0,12.0,12.0,0.0,30.0,0.0
76,77.0,2.0,73.39,71.11,77.81,66.66,69.67,69.41,73.34,70.33,2.0,45.0,4.0,15.0,2.0,3.0,#NULL!,1975.0,5.0,20.0,3.0,4.0,20.0,15.0,18.0,30.0,10.0,0.0
19,20.0,3.0,63.38,51.77,40.7,59.66,53.93,50.59,57.65,47.41,1.0,2.0,3.0,4.0,3.0,5.0,1,1994.0,6.0,4.0,4.0,8.0,40.0,14.0,21.0,15.0,0.0,0.0
19,20.0,3.0,63.38,51.77,40.7,59.66,53.93,50.59,57.65,47.41,1.0,2.0,3.0,4.0,3.0,5.0,1,1994.0,6.0,4.0,4.0,8.0,40.0,14.0,21.0,15.0,0.0,0.0
76,77.0,2.0,73.39,71.11,77.81,66.66,69.67,69.41,73.34,70.33,2.0,45.0,4.0,15.0,2.0,3.0,#NULL!,1975.0,5.0,20.0,3.0,4.0,20.0,15.0,18.0,30.0,10.0,0.0
19,20.0,3.0,63.38,51.77,40.7,59.66,53.93,50.59,57.65,47.41,1.0,2.0,3.0,4.0,3.0,5.0,1,1994.0,6.0,4.0,4.0,8.0,40.0,14.0,21.0,15.0,0.0,0.0
76,77.0,2.0,73.39,71.11,77.81,66.66,69.67,69.41,73.34,70.33,2.0,45.0,4.0,15.0,2.0,3.0,#NULL!,1975.0,5.0,20.0,3.0,4.0,20.0,15.0,18.0,30.0,10.0,0.0
19,20.0,3.0,63.38,51.77,40.7,59.66,53.93,50.59,57.65,47.41,1.0,2.0,3.0,4.0,3.0,5.0,1,1994.0,6.0,4.0,4.0,8.0,40.0,14.0,21.0,15.0,0.0,0.0
76,77.0,2.0,73.39,71.11,77.81,66.66,69.67,69.41,73.34,70.33,2.0,45.0,4.0,15.0,2.0,3.0,#NULL!,1975.0,5.0,20.0,3.0,4.0,20.0,15.0,18.0,30.0,10.0,0.0
19,20.0,3.0,63.38,51.77,40.7,59.66,53.93,50.59,57.65,47.41,1.0,2.0,3.0,4.0,3.0,5.0,1,1994.0,6.0,4.0,4.0,8.0,40.0,14.0,21.0,15.0,0.0,0.0
1082,1083.0,2.0,97.08,95.98,96.28,95.82,87.26,94.7,93.26,92.2,2.0,47.0,1.0,16.0,3.0,5.0,1,1972.0,6.0,25.0,5.0,6.0,7.0,6.0,5.0,15.0,0.0,0.0
1160,1161.0,2.0,83.87,84.64,81.56,84.24,86.71,73.02,75.71,80.32,2.0,46.0,1.0,6.0,6.0,6.0,1,1974.0,6.0,23.0,7.0,9.0,15.0,12.0,10.0,26.0,15.0,0.0
1193,1194.0,2.0,64.66,66.69,62.94,66.66,66.65,66.66,66.67,66.66,1.0,1.0,4.0,1.0,3.0,5.0,1,1994.0,5.0,5.0,4.0,8.0,12.0,5.0,5.0,15.0,20.0,0.0
1202,1203.0,2.0,79.84,97.64,99.03,99.98,99.98,99.99,99.99,99.98,2.0,56.0,1.0,15.0,3.0,5.0,1,1964.0,5.0,35.0,3.0,5.0,16.0,5.0,3.0,20.0,25.0,0.0
19,20.0,3.0,63.38,51.77,40.7,59.66,53.93,50.59,57.65,47.41,1.0,2.0,3.0,4.0,3.0,5.0,1,1994.0,6.0,4.0,4.0,8.0,40.0,14.0,21.0,15.0,0.0,0.0
19,20.0,3.0,63.38,51.77,40.7,59.66,53.93,50.59,57.65,47.41,1.0,2.0,3.0,4.0,3.0,5.0,1,1994.0,6.0,4.0,4.0,8.0,40.0,14.0,21.0,15.0,0.0,0.0
44,45.0,1.0,81.49,81.97,85.17,81.45,81.0,83.6,84.44,73.66,2.0,48.0,1.0,15.0,3.0,1.0,1,1971.0,5.0,25.0,4.0,9.0,60.0,50.0,40.0,0.0,0.0,1.0
44,45.0,1.0,81.49,81.97,85.17,81.45,81.0,83.6,84.44,73.66,2.0,48.0,1.0,15.0,3.0,1.0,1,1971.0,5.0,25.0,4.0,9.0,60.0,50.0,40.0,0.0,0.0,1.0
1555,1556.0,1.0,81.12,88.92,88.92,88.88,88.87,88.88,80.05,81.87,2.0,50.0,2.0,30.0,3.0,5.0,1,1970.0,6.0,25.0,6.0,2.0,50.0,40.0,46.0,0.0,0.0,1.0
1160,1161.0,2.0,83.87,84.64,81.56,84.24,86.71,73.02,75.71,80.32,2.0,46.0,1.0,6.0,6.0,6.0,1,1974.0,6.0,23.0,7.0,9.0,15.0,12.0,10.0,26.0,15.0,0.0
19,20.0,3.0,63.38,51.77,40.7,59.66,53.93,50.59,57.65,47.41,1.0,2.0,3.0,4.0,3.0,5.0,1,1994.0,6.0,4.0,4.0,8.0,40.0,14.0,21.0,15.0,0.0,0.0
76,77.0,2.0,73.39,71.11,77.81,66.66,69.67,69.41,73.34,70.33,2.0,45.0,4.0,15.0,2.0,3.0,#NULL!,1975.0,5.0,20.0,3.0,4.0,20.0,15.0,18.0,30.0,10.0,0.0
202,203.0,2.0,88.92,88.92,88.92,85.61,88.87,88.88,88.88,88.87,2.0,51.0,4.0,12.0,5.0,6.0,1,1969.0,6.0,27.0,4.0,2.0,32.0,12.0,12.0,0.0,30.0,0.0
76,77.0,2.0,73.39,71.11,77.81,66.66,69.67,69.41,73.34,70.33,2.0,45.0,4.0,15.0,2.0,3.0,#NULL!,1975.0,5.0,20.0,3.0,4.0,20.0,15.0,18.0,30.0,10.0,0.0
1082,1083.0,2.0,97.08,95.98,96.28,95.82,87.26,94.7,93.26,92.2,2.0,47.0,1.0,16.0,3.0,5.0,1,1972.0,6.0,25.0,5.0,6.0,7.0,6.0,5.0,15.0,0.0,0.0
1892,1893.0,1.0,88.92,88.92,88.92,88.88,88.87,88.88,88.88,92.98,2.0,49.0,1.0,1.0,5.0,6.0,1,1970.0,5.0,25.0,4.0,2.0,15.0,10.0,4.0,20.0,0.0,0.0
7,8.0,3.0,59.08,48.15,44.45,60.13,55.55,55.56,40.06,44.43,1.0,22.0,6.0,2.0,4.0,4.0,#NULL!,1999.0,5.0,1.0,5.0,8.0,22.0,14.0,8.0,20.0,20.0,0.0
59,60.0,2.0,68.73,66.69,62.94,70.34,58.56,77.77,71.24,63.33,1.0,11.0,5.0,6.0,2.0,3.0,#NULL!,1987.0,5.0,11.0,4.0,4.0,8.0,16.0,15.0,35.0,10.0,0.0
59,60.0,2.0,68.73,66.69,62.94,70.34,58.56,77.77,71.24,63.33,1.0,11.0,5.0,6.0,2.0,3.0,#NULL!,1987.0,5.0,11.0,4.0,4.0,8.0,16.0,15.0,35.0,10.0,0.0
59,60.0,2.0,68.73,66.69,62.94,70.34,58.56,77.77,71.24,63.33,1.0,11.0,5.0,6.0,2.0,3.0,#NULL!,1987.0,5.0,11.0,4.0,4.0,8.0,16.0,15.0,35.0,10.0,0.0
59,60.0,2.0,68.73,66.69,62.94,70.34,58.56,77.77,71.24,63.33,1.0,11.0,5.0,6.0,2.0,3.0,#NULL!,1987.0,5.0,11.0,4.0,4.0,8.0,16.0,15.0,35.0,10.0,0.0
59,60.0,2.0,68.73,66.69,62.94,70.34,58.56,77.77,71.24,63.33,1.0,11.0,5.0,6.0,2.0,3.0,#NULL!,1987.0,5.0,11.0,4.0,4.0,8.0,16.0,15.0,35.0,10.0,0.0
59,60.0,2.0,68.73,66.69,62.94,70.34,58.56,77.77,71.24,63.33,1.0,11.0,5.0,6.0,2.0,3.0,#NULL!,1987.0,5.0,11.0,4.0,4.0,8.0,16.0,15.0,35.0,10.0,0.0
59,60.0,2.0,68.73,66.69,62.94,70.34,58.56,77.77,71.24,63.33,1.0,11.0,5.0,6.0,2.0,3.0,#NULL!,1987.0,5.0,11.0,4.0,4.0,8.0,16.0,15.0,35.0,10.0,0.0
59,60.0,2.0,68.73,66.69,62.94,70.34,58.56,77.77,71.24,63.33,1.0,11.0,5.0,6.0,2.0,3.0,#NULL!,1987.0,5.0,11.0,4.0,4.0,8.0,16.0,15.0,35.0,10.0,0.0
7,8.0,3.0,59.08,48.15,44.45,60.13,55.55,55.56,40.06,44.43,1.0,22.0,6.0,2.0,4.0,4.0,#NULL!,1999.0,5.0,1.0,5.0,8.0,22.0,14.0,8.0,20.0,20.0,0.0
59,60.0,2.0,68.73,66.69,62.94,70.34,58.56,77.77,71.24,63.33,1.0,11.0,5.0,6.0,2.0,3.0,#NULL!,1987.0,5.0,11.0,4.0,4.0,8.0,16.0,15.0,35.0,10.0,0.0
45,46.0,1.0,63.2,73.39,59.33,66.66,63.64,72.49,66.67,63.33,1.0,15.0,2.0,21.0,5.0,6.0,1,1975.0,8.0,17.0,3.0,3.0,49.0,11.0,28.0,10.0,0.0,0.0
57,58.0,1.0,99.04,99.03,99.03,99.98,99.98,99.99,99.99,99.98,2.0,60.0,1.0,30.0,3.0,5.0,1,1960.0,5.0,38.0,4.0,1.0,35.0,12.0,19.0,15.0,0.0,0.0
45,46.0,1.0,63.2,73.39,59.33,66.66,63.64,72.49,66.67,63.33,1.0,15.0,2.0,21.0,5.0,6.0,1,1975.0,8.0,17.0,3.0,3.0,49.0,11.0,28.0,10.0,0.0,0.0
45,46.0,1.0,63.2,73.39,59.33,66.66,63.64,72.49,66.67,63.33,1.0,15.0,2.0,21.0,5.0,6.0,1,1975.0,8.0,17.0,3.0,3.0,49.0,11.0,28.0,10.0,0.0,0.0
683,684.0,1.0,80.95,84.46,88.92,81.93,82.08,83.06,82.35,78.89,2.0,45.0,1.0,25.0,4.0,5.0,2,1975.0,5.0,25.0,3.0,4.0,30.0,20.0,10.0,30.0,16.0,0.0
45,46.0,1.0,63.2,73.39,59.33,66.66,63.64,72.49,66.67,63.33,1.0,15.0,2.0,21.0,5.0,6.0,1,1975.0,8.0,17.0,3.0,3.0,49.0,11.0,28.0,10.0,0.0,0.0
1483,1484.0,1.0,86.89,88.92,88.92,88.88,85.79,88.88,88.88,85.54,2.0,48.0,3.0,24.0,5.0,6.0,1,1972.0,3.0,30.0,4.0,2.0,25.0,14.0,8.0,20.0,33.0,0.0
1483,1484.0,1.0,86.89,88.92,88.92,88.88,85.79,88.88,88.88,85.54,2.0,48.0,3.0,24.0,5.0,6.0,1,1972.0,3.0,30.0,4.0,2.0,25.0,14.0,8.0,20.0,33.0,0.0
57,58.0,1.0,99.04,99.03,99.03,99.98,99.98,99.99,99.99,99.98,2.0,60.0,1.0,30.0,3.0,5.0,1,1960.0,5.0,38.0,4.0,1.0,35.0,12.0,19.0,15.0,0.0,0.0
11,12.0,3.0,75.42,75.78,62.94,73.61,69.9,71.95,77.77,62.55,2.0,5.0,2.0,5.0,3.0,8.0,#NULL!,1970.0,4.0,30.0,4.0,6.0,20.0,8.0,10.0,0.0,25.0,0.0
1592,1593.0,3.0,77.81,70.96,59.33,73.19,71.28,74.7,64.37,70.76,1.0,5.0,1.0,3.0,3.0,7.0,#NULL!,1973.0,6.0,23.0,5.0,2.0,40.0,28.0,35.0,0.0,0.0,0.0
1592,1593.0,3.0,77.81,70.96,59.33,73.19,71.28,74.7,64.37,70.76,1.0,5.0,1.0,3.0,3.0,7.0,#NULL!,1973.0,6.0,23.0,5.0,2.0,40.0,28.0,35.0,0.0,0.0,0.0
0,1.0,2.0,753.04,87.65,81.56,85.61,85.63,85.81,82.35,84.77,2.0,10.0,2.0,10.0,5.0,6.0,1,1983.0,6.0,14.0,2.0,3.0,19.0,11.0,10.0,30.0,5.0,0.0
7,8.0,3.0,59.08,48.15,44.45,60.13,55.55,55.56,40.06,44.43,1.0,22.0,6.0,2.0,4.0,4.0,#NULL!,1999.0,5.0,1.0,5.0,8.0,22.0,14.0,8.0,20.0,20.0,0.0
11,12.0,3.0,75.42,75.78,62.94,73.61,69.9,71.95,77.77,62.55,2.0,5.0,2.0,5.0,3.0,8.0,#NULL!,1970.0,4.0,30.0,4.0,6.0,20.0,8.0,10.0,0.0,25.0,0.0
44,45.0,1.0,81.49,81.97,85.17,81.45,81.0,83.6,84.44,73.66,2.0,48.0,1.0,15.0,3.0,1.0,1,1971.0,5.0,25.0,4.0,9.0,60.0,50.0,40.0,0.0,0.0,1.0
57,58.0,1.0,99.04,99.03,99.03,99.98,99.98,99.99,99.99,99.98,2.0,60.0,1.0,30.0,3.0,5.0,1,1960.0,5.0,38.0,4.0,1.0,35.0,12.0,19.0,15.0,0.0,0.0
7,8.0,3.0,59.08,48.15,44.45,60.13,55.55,55.56,40.06,44.43,1.0,22.0,6.0,2.0,4.0,4.0,#NULL!,1999.0,5.0,1.0,5.0,8.0,22.0,14.0,8.0,20.0,20.0,0.0
202,203.0,2.0,88.92,88.92,88.92,85.61,88.87,88.88,88.88,88.87,2.0,51.0,4.0,12.0,5.0,6.0,1,1969.0,6.0,27.0,4.0,2.0,32.0,12.0,12.0,0.0,30.0,0.0
332,333.0,2.0,68.53,60.9,59.33,62.5,60.34,55.56,64.37,58.88,1.0,2.0,2.0,2.0,2.0,3.0,#NULL!,2000.0,4.0,1.0,4.0,4.0,10.0,9.0,9.0,50.0,20.0,0.0
7,8.0,3.0,59.08,48.15,44.45,60.13,55.55,55.56,40.06,44.43,1.0,22.0,6.0,2.0,4.0,4.0,#NULL!,1999.0,5.0,1.0,5.0,8.0,22.0,14.0,8.0,20.0,20.0,0.0
332,333.0,2.0,68.53,60.9,59.33,62.5,60.34,55.56,64.37,58.88,1.0,2.0,2.0,2.0,2.0,3.0,#NULL!,2000.0,4.0,1.0,4.0,4.0,10.0,9.0,9.0,50.0,20.0,0.0
756,757.0,2.0,83.93,86.49,77.81,81.45,82.61,83.06,84.31,77.76,2.0,30.0,1.0,20.0,2.0,3.0,#NULL!,1964.0,5.0,32.0,4.0,9.0,30.0,20.0,10.0,50.0,6.0,0.0
11,12.0,3.0,75.42,75.78,62.94,73.61,69.9,71.95,77.77,62.55,2.0,5.0,2.0,5.0,3.0,8.0,#NULL!,1970.0,4.0,30.0,4.0,6.0,20.0,8.0,10.0,0.0,25.0,0.0
845,846.0,2.0,77.63,59.82,66.54,66.24,50.53,50.26,53.39,58.52,2.0,5.0,1.0,3.0,3.0,2.0,#NULL!,1998.0,5.0,3.0,7.0,9.0,30.0,20.0,10.0,40.0,20.0,0.0
11,12.0,3.0,75.42,75.78,62.94,73.61,69.9,71.95,77.77,62.55,2.0,5.0,2.0,5.0,3.0,8.0,#NULL!,1970.0,4.0,30.0,4.0,6.0,20.0,8.0,10.0,0.0,25.0,0.0
11,12.0,3.0,75.42,75.78,62.94,73.61,69.9,71.95,77.77,62.55,2.0,5.0,2.0,5.0,3.0,8.0,#NULL!,1970.0,4.0,30.0,4.0,6.0,20.0,8.0,10.0,0.0,25.0,0.0
44,45.0,1.0,81.49,81.97,85.17,81.45,81.0,83.6,84.44,73.66,2.0,48.0,1.0,15.0,3.0,1.0,1,1971.0,5.0,25.0,4.0,9.0,60.0,50.0,40.0,0.0,0.0,1.0
756,757.0,2.0,83.93,86.49,77.81,81.45,82.61,83.06,84.31,77.76,2.0,30.0,1.0,20.0,2.0,3.0,#NULL!,1964.0,5.0,32.0,4.0,9.0,30.0,20.0,10.0,50.0,6.0,0.0
845,846.0,2.0,77.63,59.82,66.54,66.24,50.53,50.26,53.39,58.52,2.0,5.0,1.0,3.0,3.0,2.0,#NULL!,1998.0,5.0,3.0,7.0,9.0,30.0,20.0,10.0,40.0,20.0,0.0
11,12.0,3.0,75.42,75.78,62.94,73.61,69.9,71.95,77.77,62.55,2.0,5.0,2.0,5.0,3.0,8.0,#NULL!,1970.0,4.0,30.0,4.0,6.0,20.0,8.0,10.0,0.0,25.0,0.0
11,12.0,3.0,75.42,75.78,62.94,73.61,69.9,71.95,77.77,62.55,2.0,5.0,2.0,5.0,3.0,8.0,#NULL!,1970.0,4.0,30.0,4.0,6.0,20.0,8.0,10.0,0.0,25.0,0.0
332,333.0,2.0,68.53,60.9,59.33,62.5,60.34,55.56,64.37,58.88,1.0,2.0,2.0,2.0,2.0,3.0,#NULL!,2000.0,4.0,1.0,4.0,4.0,10.0,9.0,9.0,50.0,20.0,0.0
1625,1626.0,3.0,66.18,62.42,55.58,58.81,60.34,66.66,68.76,70.76,2.0,51.0,1.0,17.0,5.0,6.0,1,1968.0,5.0,30.0,3.0,2.0,43.0,38.0,34.0,7.0,0.0,0.0
11,12.0,3.0,75.42,75.78,62.94,73.61,69.9,71.95,77.77,62.55,2.0,5.0,2.0,5.0,3.0,8.0,#NULL!,1970.0,4.0,30.0,4.0,6.0,20.0,8.0,10.0,0.0,25.0,0.0
7,8.0,3.0,59.08,48.15,44.45,60.13,55.55,55.56,40.06,44.43,1.0,22.0,6.0,2.0,4.0,4.0,#NULL!,1999.0,5.0,1.0,5.0,8.0,22.0,14.0,8.0,20.0,20.0,0.0
7,8.0,3.0,59.08,48.15,44.45,60.13,55.55,55.56,40.06,44.43,1.0,22.0,6.0,2.0,4.0,4.0,#NULL!,1999.0,5.0,1.0,5.0,8.0,22.0,14.0,8.0,20.0,20.0,0.0
202,203.0,2.0,88.92,88.92,88.92,85.61,88.87,88.88,88.88,88.87,2.0,51.0,4.0,12.0,5.0,6.0,1,1969.0,6.0,27.0,4.0,2.0,32.0,12.0,12.0,0.0,30.0,0.0
845,846.0,2.0,77.63,59.82,66.54,66.24,50.53,50.26,53.39,58.52,2.0,5.0,1.0,3.0,3.0,2.0,#NULL!,1998.0,5.0,3.0,7.0,9.0,30.0,20.0,10.0,40.0,20.0,0.0
845,846.0,2.0,77.63,59.82,66.54,66.24,50.53,50.26,53.39,58.52,2.0,5.0,1.0,3.0,3.0,2.0,#NULL!,1998.0,5.0,3.0,7.0,9.0,30.0,20.0,10.0,40.0,20.0,0.0
11,12.0,3.0,75.42,75.78,62.94,73.61,69.9,71.95,77.77,62.55,2.0,5.0,2.0,5.0,3.0,8.0,#NULL!,1970.0,4.0,30.0,4.0,6.0,20.0,8.0,10.0,0.0,25.0,0.0
11,12.0,3.0,75.42,75.78,62.94,73.61,69.9,71.95,77.77,62.55,2.0,5.0,2.0,5.0,3.0,8.0,#NULL!,1970.0,4.0,30.0,4.0,6.0,20.0,8.0,10.0,0.0,25.0,0.0
57,58.0,1.0,99.04,99.03,99.03,99.98,99.98,99.99,99.99,99.98,2.0,60.0,1.0,30.0,3.0,5.0,1,1960.0,5.0,38.0,4.0,1.0,35.0,12.0,19.0,15.0,0.0,0.0
202,203.0,2.0,88.92,88.92,88.92,85.61,88.87,88.88,88.88,88.87,2.0,51.0,4.0,12.0,5.0,6.0,1,1969.0,6.0,27.0,4.0,2.0,32.0,12.0,12.0,0.0,30.0,0.0
756,757.0,2.0,83.93,86.49,77.81,81.45,82.61,83.06,84.31,77.76,2.0,30.0,1.0,20.0,2.0,3.0,#NULL!,1964.0,5.0,32.0,4.0,9.0,30.0,20.0,10.0,50.0,6.0,0.0
976,977.0,2.0,72.95,79.83,74.05,77.77,68.43,74.7,77.77,81.87,2.0,16.0,2.0,3.0,5.0,6.0,1,1972.0,5.0,26.0,4.0,4.0,14.0,8.0,7.0,20.0,0.0,0.0
1202,1203.0,2.0,79.84,97.64,99.03,99.98,99.98,99.99,99.99,99.98,2.0,56.0,1.0,15.0,3.0,5.0,1,1964.0,5.0,35.0,3.0,5.0,16.0,5.0,3.0,20.0,25.0,0.0
202,203.0,2.0,88.92,88.92,88.92,85.61,88.87,88.88,88.88,88.87,2.0,51.0,4.0,12.0,5.0,6.0,1,1969.0,6.0,27.0,4.0,2.0,32.0,12.0,12.0,0.0,30.0,0.0
11,12.0,3.0,75.42,75.78,62.94,73.61,69.9,71.95,77.77,62.55,2.0,5.0,2.0,5.0,3.0,8.0,#NULL!,1970.0,4.0,30.0,4.0,6.0,20.0,8.0,10.0,0.0,25.0,0.0
11,12.0,3.0,75.42,75.78,62.94,73.61,69.9,71.95,77.77,62.55,2.0,5.0,2.0,5.0,3.0,8.0,#NULL!,1970.0,4.0,30.0,4.0,6.0,20.0,8.0,10.0,0.0,25.0,0.0
976,977.0,2.0,72.95,79.83,74.05,77.77,68.43,74.7,77.77,81.87,2.0,16.0,2.0,3.0,5.0,6.0,1,1972.0,5.0,26.0,4.0,4.0,14.0,8.0,7.0,20.0,0.0,0.0
11,12.0,3.0,75.42,75.78,62.94,73.61,69.9,71.95,77.77,62.55,2.0,5.0,2.0,5.0,3.0,8.0,#NULL!,1970.0,4.0,30.0,4.0,6.0,20.0,8.0,10.0,0.0,25.0,0.0
270,271.0,2.0,82.41,82.07,81.56,81.03,85.85,83.6,84.49,81.87,1.0,10.0,1.0,2.0,3.0,5.0,1,1980.0,5.0,15.0,9.0,11.0,30.0,25.0,26.0,0.0,0.0,1.0
270,271.0,2.0,82.41,82.07,81.56,81.03,85.85,83.6,84.49,81.87,1.0,10.0,1.0,2.0,3.0,5.0,1,1980.0,5.0,15.0,9.0,11.0,30.0,25.0,26.0,0.0,0.0,1.0
270,271.0,2.0,82.41,82.07,81.56,81.03,85.85,83.6,84.49,81.87,1.0,10.0,1.0,2.0,3.0,5.0,1,1980.0,5.0,15.0,9.0,11.0,30.0,25.0,26.0,0.0,0.0,1.0
270,271.0,2.0,82.41,82.07,81.56,81.03,85.85,83.6,84.49,81.87,1.0,10.0,1.0,2.0,3.0,5.0,1,1980.0,5.0,15.0,9.0,11.0,30.0,25.0,26.0,0.0,0.0,1.0
270,271.0,2.0,82.41,82.07,81.56,81.03,85.85,83.6,84.49,81.87,1.0,10.0,1.0,2.0,3.0,5.0,1,1980.0,5.0,15.0,9.0,11.0,30.0,25.0,26.0,0.0,0.0,1.0
270,271.0,2.0,82.41,82.07,81.56,81.03,85.85,83.6,84.49,81.87,1.0,10.0,1.0,2.0,3.0,5.0,1,1980.0,5.0,15.0,9.0,11.0,30.0,25.0,26.0,0.0,0.0,1.0
270,271.0,2.0,82.41,82.07,81.56,81.03,85.85,83.6,84.49,81.87,1.0,10.0,1.0,2.0,3.0,5.0,1,1980.0,5.0,15.0,9.0,11.0,30.0,25.0,26.0,0.0,0.0,1.0
270,271.0,2.0,82.41,82.07,81.56,81.03,85.85,83.6,84.49,81.87,1.0,10.0,1.0,2.0,3.0,5.0,1,1980.0,5.0,15.0,9.0,11.0,30.0,25.0,26.0,0.0,0.0,1.0
270,271.0,2.0,82.41,82.07,81.56,81.03,85.85,83.6,84.49,81.87,1.0,10.0,1.0,2.0,3.0,5.0,1,1980.0,5.0,15.0,9.0,11.0,30.0,25.0,26.0,0.0,0.0,1.0
270,271.0,2.0,82.41,82.07,81.56,81.03,85.85,83.6,84.49,81.87,1.0,10.0,1.0,2.0,3.0,5.0,1,1980.0,5.0,15.0,9.0,11.0,30.0,25.0,26.0,0.0,0.0,1.0
270,271.0,2.0,82.41,82.07,81.56,81.03,85.85,83.6,84.49,81.87,1.0,10.0,1.0,2.0,3.0,5.0,1,1980.0,5.0,15.0,9.0,11.0,30.0,25.0,26.0,0.0,0.0,1.0
270,271.0,2.0,82.41,82.07,81.56,81.03,85.85,83.6,84.49,81.87,1.0,10.0,1.0,2.0,3.0,5.0,1,1980.0,5.0,15.0,9.0,11.0,30.0,25.0,26.0,0.0,0.0,1.0
270,271.0,2.0,82.41,82.07,81.56,81.03,85.85,83.6,84.49,81.87,1.0,10.0,1.0,2.0,3.0,5.0,1,1980.0,5.0,15.0,9.0,11.0,30.0,25.0,26.0,0.0,0.0,1.0
270,271.0,2.0,82.41,82.07,81.56,81.03,85.85,83.6,84.49,81.87,1.0,10.0,1.0,2.0,3.0,5.0,1,1980.0,5.0,15.0,9.0,11.0,30.0,25.0,26.0,0.0,0.0,1.0
270,271.0,2.0,82.41,82.07,81.56,81.03,85.85,83.6,84.49,81.87,1.0,10.0,1.0,2.0,3.0,5.0,1,1980.0,5.0,15.0,9.0,11.0,30.0,25.0,26.0,0.0,0.0,1.0
270,271.0,2.0,82.41,82.07,81.56,81.03,85.85,83.6,84.49,81.87,1.0,10.0,1.0,2.0,3.0,5.0,1,1980.0,5.0,15.0,9.0,11.0,30.0,25.0,26.0,0.0,0.0,1.0
270,271.0,2.0,82.41,82.07,81.56,81.03,85.85,83.6,84.49,81.87,1.0,10.0,1.0,2.0,3.0,5.0,1,1980.0,5.0,15.0,9.0,11.0,30.0,25.0,26.0,0.0,0.0,1.0
270,271.0,2.0,82.41,82.07,81.56,81.03,85.85,83.6,84.49,81.87,1.0,10.0,1.0,2.0,3.0,5.0,1,1980.0,5.0,15.0,9.0,11.0,30.0,25.0,26.0,0.0,0.0,1.0
270,271.0,2.0,82.41,82.07,81.56,81.03,85.85,83.6,84.49,81.87,1.0,10.0,1.0,2.0,3.0,5.0,1,1980.0,5.0,15.0,9.0,11.0,30.0,25.0,26.0,0.0,0.0,1.0
270,271.0,2.0,82.41,82.07,81.56,81.03,85.85,83.6,84.49,81.87,1.0,10.0,1.0,2.0,3.0,5.0,1,1980.0,5.0,15.0,9.0,11.0,30.0,25.0,26.0,0.0,0.0,1.0
270,271.0,2.0,82.41,82.07,81.56,81.03,85.85,83.6,84.49,81.87,1.0,10.0,1.0,2.0,3.0,5.0,1,1980.0,5.0,15.0,9.0,11.0,30.0,25.0,26.0,0.0,0.0,1.0
270,271.0,2.0,82.41,82.07,81.56,81.03,85.85,83.6,84.49,81.87,1.0,10.0,1.0,2.0,3.0,5.0,1,1980.0,5.0,15.0,9.0,11.0,30.0,25.0,26.0,0.0,0.0,1.0
270,271.0,2.0,82.41,82.07,81.56,81.03,85.85,83.6,84.49,81.87,1.0,10.0,1.0,2.0,3.0,5.0,1,1980.0,5.0,15.0,9.0,11.0,30.0,25.0,26.0,0.0,0.0,1.0
270,271.0,2.0,82.41,82.07,81.56,81.03,85.85,83.6,84.49,81.87,1.0,10.0,1.0,2.0,3.0,5.0,1,1980.0,5.0,15.0,9.0,11.0,30.0,25.0,26.0,0.0,0.0,1.0
270,271.0,2.0,82.41,82.07,81.56,81.03,85.85,83.6,84.49,81.87,1.0,10.0,1.0,2.0,3.0,5.0,1,1980.0,5.0,15.0,9.0,11.0,30.0,25.0,26.0,0.0,0.0,1.0
270,271.0,2.0,82.41,82.07,81.56,81.03,85.85,83.6,84.49,81.87,1.0,10.0,1.0,2.0,3.0,5.0,1,1980.0,5.0,15.0,9.0,11.0,30.0,25.0,26.0,0.0,0.0,1.0
270,271.0,2.0,82.41,82.07,81.56,81.03,85.85,83.6,84.49,81.87,1.0,10.0,1.0,2.0,3.0,5.0,1,1980.0,5.0,15.0,9.0,11.0,30.0,25.0,26.0,0.0,0.0,1.0
270,271.0,2.0,82.41,82.07,81.56,81.03,85.85,83.6,84.49,81.87,1.0,10.0,1.0,2.0,3.0,5.0,1,1980.0,5.0,15.0,9.0,11.0,30.0,25.0,26.0,0.0,0.0,1.0
270,271.0,2.0,82.41,82.07,81.56,81.03,85.85,83.6,84.49,81.87,1.0,10.0,1.0,2.0,3.0,5.0,1,1980.0,5.0,15.0,9.0,11.0,30.0,25.0,26.0,0.0,0.0,1.0
270,271.0,2.0,82.41,82.07,81.56,81.03,85.85,83.6,84.49,81.87,1.0,10.0,1.0,2.0,3.0,5.0,1,1980.0,5.0,15.0,9.0,11.0,30.0,25.0,26.0,0.0,0.0,1.0
270,271.0,2.0,82.41,82.07,81.56,81.03,85.85,83.6,84.49,81.87,1.0,10.0,1.0,2.0,3.0,5.0,1,1980.0,5.0,15.0,9.0,11.0,30.0,25.0,26.0,0.0,0.0,1.0
270,271.0,2.0,82.41,82.07,81.56,81.03,85.85,83.6,84.49,81.87,1.0,10.0,1.0,2.0,3.0,5.0,1,1980.0,5.0,15.0,9.0,11.0,30.0,25.0,26.0,0.0,0.0,1.0
270,271.0,2.0,82.41,82.07,81.56,81.03,85.85,83.6,84.49,81.87,1.0,10.0,1.0,2.0,3.0,5.0,1,1980.0,5.0,15.0,9.0,11.0,30.0,25.0,26.0,0.0,0.0,1.0
270,271.0,2.0,82.41,82.07,81.56,81.03,85.85,83.6,84.49,81.87,1.0,10.0,1.0,2.0,3.0,5.0,1,1980.0,5.0,15.0,9.0,11.0,30.0,25.0,26.0,0.0,0.0,1.0
369,370.0,2.0,75.24,73.94,77.81,73.61,74.52,83.06,84.31,81.09,2.0,29.0,1.0,9.0,4.0,4.0,#NULL!,1991.0,5.0,5.0,5.0,4.0,6.0,15.0,23.0,0.0,0.0,0.0
369,370.0,2.0,75.24,73.94,77.81,73.61,74.52,83.06,84.31,81.09,2.0,29.0,1.0,9.0,4.0,4.0,#NULL!,1991.0,5.0,5.0,5.0,4.0,6.0,15.0,23.0,0.0,0.0,0.0
369,370.0,2.0,75.24,73.94,77.81,73.61,74.52,83.06,84.31,81.09,2.0,29.0,1.0,9.0,4.0,4.0,#NULL!,1991.0,5.0,5.0,5.0,4.0,6.0,15.0,23.0,0.0,0.0,0.0
502,503.0,1.0,85.78,87.65,81.56,88.88,84.08,80.85,88.88,82.22,2.0,37.0,1.0,15.0,3.0,5.0,1,1983.0,6.0,15.0,5.0,6.0,80.0,75.0,50.0,20.0,5.0,0.0
502,503.0,1.0,85.78,87.65,81.56,88.88,84.08,80.85,88.88,82.22,2.0,37.0,1.0,15.0,3.0,5.0,1,1983.0,6.0,15.0,5.0,6.0,80.0,75.0,50.0,20.0,5.0,0.0
502,503.0,1.0,85.78,87.65,81.56,88.88,84.08,80.85,88.88,82.22,2.0,37.0,1.0,15.0,3.0,5.0,1,1983.0,6.0,15.0,5.0,6.0,80.0,75.0,50.0,20.0,5.0,0.0
502,503.0,1.0,85.78,87.65,81.56,88.88,84.08,80.85,88.88,82.22,2.0,37.0,1.0,15.0,3.0,5.0,1,1983.0,6.0,15.0,5.0,6.0,80.0,75.0,50.0,20.0,5.0,0.0
580,581.0,1.0,75.78,73.35,70.44,77.77,74.52,74.7,75.49,73.66,2.0,36.0,1.0,12.0,3.0,5.0,1,1984.0,3.0,12.0,3.0,7.0,7.0,18.0,22.0,0.0,0.0,0.0
502,503.0,1.0,85.78,87.65,81.56,88.88,84.08,80.85,88.88,82.22,2.0,37.0,1.0,15.0,3.0,5.0,1,1983.0,6.0,15.0,5.0,6.0,80.0,75.0,50.0,20.0,5.0,0.0
695,696.0,1.0,68.4,68.71,66.69,73.61,72.97,69.74,73.34,70.76,3.0,3.0,1.0,3.0,3.0,5.0,1,1983.0,5.0,12.0,3.0,2.0,100.0,95.0,80.0,14.0,10.0,0.0
502,503.0,1.0,85.78,87.65,81.56,88.88,84.08,80.85,88.88,82.22,2.0,37.0,1.0,15.0,3.0,5.0,1,1983.0,6.0,15.0,5.0,6.0,80.0,75.0,50.0,20.0,5.0,0.0
369,370.0,2.0,75.24,73.94,77.81,73.61,74.52,83.06,84.31,81.09,2.0,29.0,1.0,9.0,4.0,4.0,#NULL!,1991.0,5.0,5.0,5.0,4.0,6.0,15.0,23.0,0.0,0.0,0.0
580,581.0,1.0,75.78,73.35,70.44,77.77,74.52,74.7,75.49,73.66,2.0,36.0,1.0,12.0,3.0,5.0,1,1984.0,3.0,12.0,3.0,7.0,7.0,18.0,22.0,0.0,0.0,0.0
502,503.0,1.0,85.78,87.65,81.56,88.88,84.08,80.85,88.88,82.22,2.0,37.0,1.0,15.0,3.0,5.0,1,1983.0,6.0,15.0,5.0,6.0,80.0,75.0,50.0,20.0,5.0,0.0
502,503.0,1.0,85.78,87.65,81.56,88.88,84.08,80.85,88.88,82.22,2.0,37.0,1.0,15.0,3.0,5.0,1,1983.0,6.0,15.0,5.0,6.0,80.0,75.0,50.0,20.0,5.0,0.0
502,503.0,1.0,85.78,87.65,81.56,88.88,84.08,80.85,88.88,82.22,2.0,37.0,1.0,15.0,3.0,5.0,1,1983.0,6.0,15.0,5.0,6.0,80.0,75.0,50.0,20.0,5.0,0.0
502,503.0,1.0,85.78,87.65,81.56,88.88,84.08,80.85,88.88,82.22,2.0,37.0,1.0,15.0,3.0,5.0,1,1983.0,6.0,15.0,5.0,6.0,80.0,75.0,50.0,20.0,5.0,0.0
1591,1592.0,3.0,66.51,68.71,59.33,62.97,61.8,60.84,62.09,62.55,1.0,21.0,2.0,8.0,5.0,6.0,1,1984.0,6.0,12.0,3.0,4.0,90.0,60.0,58.0,20.0,0.0,0.0
502,503.0,1.0,85.78,87.65,81.56,88.88,84.08,80.85,88.88,82.22,2.0,37.0,1.0,15.0,3.0,5.0,1,1983.0,6.0,15.0,5.0,6.0,80.0,75.0,50.0,20.0,5.0,0.0
280,281.0,2.0,73.93,74.52,70.44,77.77,71.45,75.03,73.2,73.66,1.0,10.0,1.0,10.0,3.0,5.0,1,1980.0,5.0,15.0,7.0,9.0,70.0,65.0,50.0,0.0,0.0,0.0
502,503.0,1.0,85.78,87.65,81.56,88.88,84.08,80.85,88.88,82.22,2.0,37.0,1.0,15.0,3.0,5.0,1,1983.0,6.0,15.0,5.0,6.0,80.0,75.0,50.0,20.0,5.0,0.0
502,503.0,1.0,85.78,87.65,81.56,88.88,84.08,80.85,88.88,82.22,2.0,37.0,1.0,15.0,3.0,5.0,1,1983.0,6.0,15.0,5.0,6.0,80.0,75.0,50.0,20.0,5.0,0.0
502,503.0,1.0,85.78,87.65,81.56,88.88,84.08,80.85,88.88,82.22,2.0,37.0,1.0,15.0,3.0,5.0,1,1983.0,6.0,15.0,5.0,6.0,80.0,75.0,50.0,20.0,5.0,0.0
502,503.0,1.0,85.78,87.65,81.56,88.88,84.08,80.85,88.88,82.22,2.0,37.0,1.0,15.0,3.0,5.0,1,1983.0,6.0,15.0,5.0,6.0,80.0,75.0,50.0,20.0,5.0,0.0
626,627.0,1.0,78.92,82.83,85.17,85.61,82.61,86.14,93.32,89.22,1.0,6.0,2.0,5.0,3.0,5.0,1,1990.0,6.0,6.0,3.0,3.0,10.0,3.0,4.0,20.0,25.0,0.0
695,696.0,1.0,68.4,68.71,66.69,73.61,72.97,69.74,73.34,70.76,3.0,3.0,1.0,3.0,3.0,5.0,1,1983.0,5.0,12.0,3.0,2.0,100.0,95.0,80.0,14.0,10.0,0.0
891,892.0,2.0,83.34,85.91,85.17,77.77,80.94,80.52,84.49,84.77,2.0,13.0,1.0,12.0,4.0,5.0,2,1982.0,4.0,14.0,7.0,9.0,9.0,4.0,6.0,40.0,0.0,0.0
280,281.0,2.0,73.93,74.52,70.44,77.77,71.45,75.03,73.2,73.66,1.0,10.0,1.0,10.0,3.0,5.0,1,1980.0,5.0,15.0,7.0,9.0,70.0,65.0,50.0,0.0,0.0,0.0
280,281.0,2.0,73.93,74.52,70.44,77.77,71.45,75.03,73.2,73.66,1.0,10.0,1.0,10.0,3.0,5.0,1,1980.0,5.0,15.0,7.0,9.0,70.0,65.0,50.0,0.0,0.0,0.0
280,281.0,2.0,73.93,74.52,70.44,77.77,71.45,75.03,73.2,73.66,1.0,10.0,1.0,10.0,3.0,5.0,1,1980.0,5.0,15.0,7.0,9.0,70.0,65.0,50.0,0.0,0.0,0.0
502,503.0,1.0,85.78,87.65,81.56,88.88,84.08,80.85,88.88,82.22,2.0,37.0,1.0,15.0,3.0,5.0,1,1983.0,6.0,15.0,5.0,6.0,80.0,75.0,50.0,20.0,5.0,0.0
891,892.0,2.0,83.34,85.91,85.17,77.77,80.94,80.52,84.49,84.77,2.0,13.0,1.0,12.0,4.0,5.0,2,1982.0,4.0,14.0,7.0,9.0,9.0,4.0,6.0,40.0,0.0,0.0
1168,1169.0,2.0,53.73,55.84,44.6,54.65,44.37,44.98,48.65,52.57,2.0,12.0,1.0,4.0,4.0,5.0,2,1993.0,5.0,5.0,3.0,5.0,80.0,70.0,54.0,0.0,0.0,0.0
626,627.0,1.0,78.92,82.83,85.17,85.61,82.61,86.14,93.32,89.22,1.0,6.0,2.0,5.0,3.0,5.0,1,1990.0,6.0,6.0,3.0,3.0,10.0,3.0,4.0,20.0,25.0,0.0
891,892.0,2.0,83.34,85.91,85.17,77.77,80.94,80.52,84.49,84.77,2.0,13.0,1.0,12.0,4.0,5.0,2,1982.0,4.0,14.0,7.0,9.0,9.0,4.0,6.0,40.0,0.0,0.0
515,516.0,1.0,82.47,77.8,77.81,84.72,82.78,83.6,84.44,84.77,2.0,20.0,2.0,12.0,5.0,6.0,1,1988.0,5.0,10.0,1.0,2.0,13.0,7.0,3.0,0.0,50.0,0.0
564,565.0,1.0,77.21,81.36,81.56,81.45,82.61,78.31,84.44,81.44,2.0,34.0,2.0,12.0,3.0,5.0,1,1986.0,5.0,12.0,5.0,3.0,80.0,60.0,60.0,10.0,0.0,0.0
570,571.0,1.0,79.27,83.48,77.81,84.72,84.08,77.45,82.16,81.87,2.0,5.0,1.0,2.0,4.0,5.0,2,1975.0,8.0,20.0,9.0,11.0,80.0,75.0,66.0,0.0,0.0,0.0
570,571.0,1.0,79.27,83.48,77.81,84.72,84.08,77.45,82.16,81.87,2.0,5.0,1.0,2.0,4.0,5.0,2,1975.0,8.0,20.0,9.0,11.0,80.0,75.0,66.0,0.0,0.0,0.0
515,516.0,1.0,82.47,77.8,77.81,84.72,82.78,83.6,84.44,84.77,2.0,20.0,2.0,12.0,5.0,6.0,1,1988.0,5.0,10.0,1.0,2.0,13.0,7.0,3.0,0.0,50.0,0.0
695,696.0,1.0,68.4,68.71,66.69,73.61,72.97,69.74,73.34,70.76,3.0,3.0,1.0,3.0,3.0,5.0,1,1983.0,5.0,12.0,3.0,2.0,100.0,95.0,80.0,14.0,10.0,0.0
515,516.0,1.0,82.47,77.8,77.81,84.72,82.78,83.6,84.44,84.77,2.0,20.0,2.0,12.0,5.0,6.0,1,1988.0,5.0,10.0,1.0,2.0,13.0,7.0,3.0,0.0,50.0,0.0
515,516.0,1.0,82.47,77.8,77.81,84.72,82.78,83.6,84.44,84.77,2.0,20.0,2.0,12.0,5.0,6.0,1,1988.0,5.0,10.0,1.0,2.0,13.0,7.0,3.0,0.0,50.0,0.0
515,516.0,1.0,82.47,77.8,77.81,84.72,82.78,83.6,84.44,84.77,2.0,20.0,2.0,12.0,5.0,6.0,1,1988.0,5.0,10.0,1.0,2.0,13.0,7.0,3.0,0.0,50.0,0.0
1006,1007.0,2.0,75.24,66.69,70.44,74.5,79.06,78.31,77.71,74.01,2.0,26.0,1.0,6.0,3.0,5.0,1,1993.0,6.0,6.0,3.0,4.0,70.0,65.0,56.0,0.0,0.0,0.0
1006,1007.0,2.0,75.24,66.69,70.44,74.5,79.06,78.31,77.71,74.01,2.0,26.0,1.0,6.0,3.0,5.0,1,1993.0,6.0,6.0,3.0,4.0,70.0,65.0,56.0,0.0,0.0,0.0
1009,1010.0,2.0,76.7,77.8,77.81,81.03,77.82,80.85,77.91,81.09,2.0,26.0,1.0,6.0,1.0,1.0,#NULL!,1993.0,6.0,6.0,4.0,8.0,80.0,75.0,55.0,0.0,0.0,0.0
515,516.0,1.0,82.47,77.8,77.81,84.72,82.78,83.6,84.44,84.77,2.0,20.0,2.0,12.0,5.0,6.0,1,1988.0,5.0,10.0,1.0,2.0,13.0,7.0,3.0,0.0,50.0,0.0
1168,1169.0,2.0,53.73,55.84,44.6,54.65,44.37,44.98,48.65,52.57,2.0,12.0,1.0,4.0,4.0,5.0,2,1993.0,5.0,5.0,3.0,5.0,80.0,70.0,54.0,0.0,0.0,0.0
515,516.0,1.0,82.47,77.8,77.81,84.72,82.78,83.6,84.44,84.77,2.0,20.0,2.0,12.0,5.0,6.0,1,1988.0,5.0,10.0,1.0,2.0,13.0,7.0,3.0,0.0,50.0,0.0
515,516.0,1.0,82.47,77.8,77.81,84.72,82.78,83.6,84.44,84.77,2.0,20.0,2.0,12.0,5.0,6.0,1,1988.0,5.0,10.0,1.0,2.0,13.0,7.0,3.0,0.0,50.0,0.0
515,516.0,1.0,82.47,77.8,77.81,84.72,82.78,83.6,84.44,84.77,2.0,20.0,2.0,12.0,5.0,6.0,1,1988.0,5.0,10.0,1.0,2.0,13.0,7.0,3.0,0.0,50.0,0.0
515,516.0,1.0,82.47,77.8,77.81,84.72,82.78,83.6,84.44,84.77,2.0,20.0,2.0,12.0,5.0,6.0,1,1988.0,5.0,10.0,1.0,2.0,13.0,7.0,3.0,0.0,50.0,0.0
515,516.0,1.0,82.47,77.8,77.81,84.72,82.78,83.6,84.44,84.77,2.0,20.0,2.0,12.0,5.0,6.0,1,1988.0,5.0,10.0,1.0,2.0,13.0,7.0,3.0,0.0,50.0,0.0
1591,1592.0,3.0,66.51,68.71,59.33,62.97,61.8,60.84,62.09,62.55,1.0,21.0,2.0,8.0,5.0,6.0,1,1984.0,6.0,12.0,3.0,4.0,90.0,60.0,58.0,20.0,0.0,0.0
515,516.0,1.0,82.47,77.8,77.81,84.72,82.78,83.6,84.44,84.77,2.0,20.0,2.0,12.0,5.0,6.0,1,1988.0,5.0,10.0,1.0,2.0,13.0,7.0,3.0,0.0,50.0,0.0
515,516.0,1.0,82.47,77.8,77.81,84.72,82.78,83.6,84.44,84.77,2.0,20.0,2.0,12.0,5.0,6.0,1,1988.0,5.0,10.0,1.0,2.0,13.0,7.0,3.0,0.0,50.0,0.0
1886,1887.0,1.0,87.22,90.73,96.28,93.03,82.78,72.49,82.23,88.87,2.0,6.0,1.0,8.0,3.0,5.0,1,1989.0,4.0,8.0,6.0,4.0,12.0,7.0,2.0,0.0,55.0,0.0
515,516.0,1.0,82.47,77.8,77.81,84.72,82.78,83.6,84.44,84.77,2.0,20.0,2.0,12.0,5.0,6.0,1,1988.0,5.0,10.0,1.0,2.0,13.0,7.0,3.0,0.0,50.0,0.0
888,889.0,2.0,85.04,84.65,81.56,88.88,80.84,83.06,84.31,84.77,1.0,10.0,1.0,4.0,3.0,5.0,1,1985.0,6.0,10.0,5.0,2.0,30.0,12.0,9.0,55.0,0.0,0.0
1075,1076.0,1.0,81.75,69.01,81.56,74.5,72.97,75.56,80.07,67.01,2.0,26.0,1.0,5.0,3.0,2.0,#NULL!,1993.0,5.0,6.0,8.0,10.0,14.0,20.0,7.0,53.0,5.0,0.0
1308,1309.0,1.0,62.4,63.32,74.2,65.76,60.56,61.38,64.51,63.33,1.0,5.0,3.0,3.0,2.0,3.0,#NULL!,1993.0,6.0,3.0,4.0,4.0,30.0,25.0,22.0,60.0,10.0,0.0
888,889.0,2.0,85.04,84.65,81.56,88.88,80.84,83.06,84.31,84.77,1.0,10.0,1.0,4.0,3.0,5.0,1,1985.0,6.0,10.0,5.0,2.0,30.0,12.0,9.0,55.0,0.0,0.0
1308,1309.0,1.0,62.4,63.32,74.2,65.76,60.56,61.38,64.51,63.33,1.0,5.0,3.0,3.0,2.0,3.0,#NULL!,1993.0,6.0,3.0,4.0,4.0,30.0,25.0,22.0,60.0,10.0,0.0
1308,1309.0,1.0,62.4,63.32,74.2,65.76,60.56,61.38,64.51,63.33,1.0,5.0,3.0,3.0,2.0,3.0,#NULL!,1993.0,6.0,3.0,4.0,4.0,30.0,25.0,22.0,60.0,10.0,0.0
1308,1309.0,1.0,62.4,63.32,74.2,65.76,60.56,61.38,64.51,63.33,1.0,5.0,3.0,3.0,2.0,3.0,#NULL!,1993.0,6.0,3.0,4.0,4.0,30.0,25.0,22.0,60.0,10.0,0.0
222,223.0,2.0,88.92,91.35,88.92,93.03,88.87,94.7,88.88,88.87,1.0,35.0,2.0,8.0,3.0,5.0,1,1985.0,5.0,11.0,2.0,3.0,10.0,5.0,4.0,0.0,300.0,0.0
291,292.0,2.0,61.47,69.29,51.82,81.45,57.32,63.92,79.86,62.98,2.0,29.0,3.0,3.0,3.0,5.0,1,1990.0,6.0,5.0,4.0,7.0,13.0,7.0,4.0,0.0,50.0,0.0
479,480.0,2.0,78.35,71.61,74.05,81.03,605.63,63.92,75.49,73.66,1.0,5.0,4.0,8.0,3.0,1.0,1,1988.0,5.0,10.0,6.0,4.0,45.0,30.0,26.0,40.0,60.0,0.0
291,292.0,2.0,61.47,69.29,51.82,81.45,57.32,63.92,79.86,62.98,2.0,29.0,3.0,3.0,3.0,5.0,1,1990.0,6.0,5.0,4.0,7.0,13.0,7.0,4.0,0.0,50.0,0.0
824,825.0,2.0,84.32,83.24,77.95,88.88,88.71,83.06,88.69,85.89,2.0,36.0,2.0,6.0,3.0,5.0,1,1983.0,4.0,13.0,5.0,4.0,10.0,6.0,3.0,0.0,55.0,0.0
824,825.0,2.0,84.32,83.24,77.95,88.88,88.71,83.06,88.69,85.89,2.0,36.0,2.0,6.0,3.0,5.0,1,1983.0,4.0,13.0,5.0,4.0,10.0,6.0,3.0,0.0,55.0,0.0
824,825.0,2.0,84.32,83.24,77.95,88.88,88.71,83.06,88.69,85.89,2.0,36.0,2.0,6.0,3.0,5.0,1,1983.0,4.0,13.0,5.0,4.0,10.0,6.0,3.0,0.0,55.0,0.0
291,292.0,2.0,61.47,69.29,51.82,81.45,57.32,63.92,79.86,62.98,2.0,29.0,3.0,3.0,3.0,5.0,1,1990.0,6.0,5.0,4.0,7.0,13.0,7.0,4.0,0.0,50.0,0.0
291,292.0,2.0,61.47,69.29,51.82,81.45,57.32,63.92,79.86,62.98,2.0,29.0,3.0,3.0,3.0,5.0,1,1990.0,6.0,5.0,4.0,7.0,13.0,7.0,4.0,0.0,50.0,0.0
824,825.0,2.0,84.32,83.24,77.95,88.88,88.71,83.06,88.69,85.89,2.0,36.0,2.0,6.0,3.0,5.0,1,1983.0,4.0,13.0,5.0,4.0,10.0,6.0,3.0,0.0,55.0,0.0
824,825.0,2.0,84.32,83.24,77.95,88.88,88.71,83.06,88.69,85.89,2.0,36.0,2.0,6.0,3.0,5.0,1,1983.0,4.0,13.0,5.0,4.0,10.0,6.0,3.0,0.0,55.0,0.0
291,292.0,2.0,61.47,69.29,51.82,81.45,57.32,63.92,79.86,62.98,2.0,29.0,3.0,3.0,3.0,5.0,1,1990.0,6.0,5.0,4.0,7.0,13.0,7.0,4.0,0.0,50.0,0.0
291,292.0,2.0,61.47,69.29,51.82,81.45,57.32,63.92,79.86,62.98,2.0,29.0,3.0,3.0,3.0,5.0,1,1990.0,6.0,5.0,4.0,7.0,13.0,7.0,4.0,0.0,50.0,0.0
824,825.0,2.0,84.32,83.24,77.95,88.88,88.71,83.06,88.69,85.89,2.0,36.0,2.0,6.0,3.0,5.0,1,1983.0,4.0,13.0,5.0,4.0,10.0,6.0,3.0,0.0,55.0,0.0
291,292.0,2.0,61.47,69.29,51.82,81.45,57.32,63.92,79.86,62.98,2.0,29.0,3.0,3.0,3.0,5.0,1,1990.0,6.0,5.0,4.0,7.0,13.0,7.0,4.0,0.0,50.0,0.0
